artist	album
梶迫小道具店	壱肆壱
梶迫小道具店	Indoor Tribe
梶迫小道具店	ICONOCLASM
ACCORD ON CODES	Where I Fall in Love
ACCORD ON CODES	A Modern Ghost
ACCORD ON CODES	EXtended Play Vol.01
Unity-Gain	a Lack Unity Plastic... 2
Unity-Gain	a Lack Unity Plastic...
IRON ATTACK!	Perfume Of Silence
DREAMERS GARDEN	Symphonic Night
CrazyBeats	TOHO EURO SPLASH 1
Bullet IX	Romantic Travelers -DEMO-
Bullet IX	RETURNER -DEMO-
領域ZERO	Stardust Dreams 10th Anniversary Tribute
魂音泉	Re:Raise QUINTUPLE
豚乙女	東方猫鍵盤20
豚乙女	少女煉獄第伍巻
豚乙女	似非葬列指南
荒御霊	A lot of Questions
東方事変	ESCAPE FROM WEST
東方事変	拈華微笑
東方事変、N+	解体少女、ロンリーデーズ
暁Records	KILLOVE FIREPROOF!
暁Records	少女救世論
暁Records	Sci-Fi ROMANCE TRAVELER
暁Records	LIMITED SINGLES season1
暁Records	Metamorphosis
暁Records	Money Money
暁Records	オマケベストなのか～その①
暁Records	Shout It Out Loud!!!
暁Records	LIMITED SINGLES season2
暁Records	STILL HERE
暁Records	天地上乗有頂天
暁Records	太陽の花 -Eternal Summer-
暁Records	HANIPAGANDA
暁Records	オマケベストなのか～その②
暁Records	BloodDark/KARMANATIONS
彩音 〜xi-on〜	CRIMSON -クリムゾン-
少女理論観測所	Girs Logic Rock Show Vol.2
少女理論観測所	Black/White
外柿山	オーケストラ古匿集 vol. 1
マッコ屋	クライア・クライア
マッコ屋	豫 -カタドルミライ-
Jerico	Arrange Mutation
Jerico	Paradise Expression
Jerico	Different Fusion
アベニュールーム	Classic Captain
ZYTOKINE	CURTAINS IN DUSK
ZYTOKINE	白にも黒にもなれない君へ
TaNaBaTa	今夜、少女じゃいられない
TAMUSIC	【睡眠用】東方ピアノ癒やし子守唄３( ˘ω˘ )Zzz…【1時間】
TAMUSIC	【睡眠用】東方ピアノ癒やし子守唄２( ˘ω˘ )Zzz…【1時間】
TAMUSIC	境界の東方子守唄
TAMUSIC	ピアノのための東方超絶技巧曲集１
TAMUSIC	東方バイオリンロック風-KAZE-
TAMUSIC	ピアノのための東方超絶技巧曲集２
TAMUSIC	東方バイオリンロック 星-HOSHI-
TAMUSIC	聖なる東方子守唄
TAMUSIC	東方弦奏歌-SERPENT-
TAMUSIC	東方四重奏 Full Moon
TAMUSIC	東方バイオリンロック 文-AYA-
TAMUSIC	東方ピアノ子守唄(CD150枚記念作品)
TAMUSIC	ピアノのための東方超絶技巧曲集３
TAMUSIC	東方四重奏 Flowering
TAMUSIC	東方バイオリンロック 氷-KORI-
TAMUSIC	ピアノのための東方超絶技巧曲集４
TAMUSIC	東方弦奏歌-MESSIAH-
TAMUSIC	東方バイオリンロック 紅-KURENAI-
TAMUSIC	ピアノのための東方超絶技巧曲集５
TAMUSIC	東方バイオリンロック 神-KAMI-
TAMUSIC	ピアノのための東方超絶技巧曲集６
TAMUSIC	東方バイオリンロック 地-CHI- I
TAMUSIC	東方弦奏オーケストラ１
TAMUSIC	東方バイオリンロック 妖-AYAKASHI-
TAMUSIC	東方バイオリンロック 零-ZERO-
TAMUSIC	ピアノのための東方超絶技巧曲集７
TAMUSIC	東方弦奏オーケストラ２
TAMUSIC	東方バイオリンロック 地-CHI- II
TAMUSIC	ピアノのための東方超絶技巧曲集８
TAMUSIC	東方バイオリンロック 輝-KAGAYAKI-
TAMUSIC	東方バイオリンロック Q-QUALIA-
TAMUSIC	ピアノのための東方超絶技巧曲集９
TAMUSIC	東方バイオリンロック 紺-KAN-
TAMUSIC	東方四重奏 Holy
TAMUSIC	ピアノのための東方幻想曲集
TAMUSIC	東方弦奏オーケストラ３
TAMUSIC	東方バイオリンロック 秘-HI-
TAMUSIC	【睡眠用】東方ピアノ癒やし子守唄１ ( ˘ω˘ )Zzz…【1時間】
S/N Ravens	Sight of Nominal Reverie
SOUND HOLIC feat. Nana Takahashi	NANA HOLIC III -DIGITAL-
SOUND HOLIC feat. Nana Takahashi	NANA HOLIC II -DIGITAL-
SOUND HOLIC feat. Nana Takahashi	NANA HOLIC
Rolling Contact	Rolling Contact
Rolling Contact	Element Vision
Rolling Contact	Awesome Night !!
Rolling Contact	暁牙焔殊
Rolling Contact	Amuse Beat Connection
Rolling Contact	Little Thin Light
Rolling Contact	First wave ELECTRO
Rolling Contact	PEACE YO !
Rolling Contact	Dream Blossom
Rolling Contact	Silver Sliver
Rolling Contact	禍魂艶夢
Rolling Contact	Dead'n'Being
Rolling Contact	蓮弾円封
Rolling Contact	Downpour Field
Rolling Contact	Thunderstorm Field
Rolling Contact	Misty Field
Rolling Contact	Distorted Terror 2
Rolling Contact	B/M GLADIATOR
K2E†Cradle	TOHO EURO TRIGGER VOL.08
K2E†Cradle	TOHO EURO TRIGGER VOL.07
ESQUARIA	ESQUARIA INST BEST 002
ClumsyRecord	TH Boxxxxx
ClumsyRecord	the TOHO Creation EP
カワテ☆ブクロ	Red Resolution
Amateras Records	Amateras Records Extended Selection Vol.1
Amateras Records	Accelerated Beats
Amateras Records	Special Smile
Amateras Records	Re/verse -Amateras Records Remixes Vol.6-
Amateras Records	Re/verse -Amateras Records Remixes Vol.6 the instrumental-
Alstroemeria Records	Aspherical Surface e.p.
Alstroemeria Records	IMAGINARY JOURNEY
Alstroemeria Records	PODIUM EPISODE 03 -RETROSPECTIVE-
Alstroemeria Records	PODIUM EPISODE 02 -PROGRESSIVE-
Alstroemeria Records	COLLAGE
Alstroemeria Records	ENCLOSED DANCEHALL
Alstroemeria Records	PODIUM EPISODE 01 -IN THE MIX-
Alstroemeria Records	Fragile
Alstroemeria Records	OVERRIDE DANCEHALL
Alstroemeria Records	RESONATE DANCEHALL
Alstroemeria Records	Eunomia -Alstroemeria Records 15years-
Alstroemeria Records	FARGRIK
Alstroemeria Records	SALVAGE DANCEHALL
Alstroemeria Records	THE WORLD DESTINATION
Alstroemeria Records	of memories
Alstroemeria Records	Double Counterpoint
Alstroemeria Records	PLASTIK WORLD
Alstroemeria Records	Fragment Reactions
Alstroemeria Records	東方幻樂編曲集第参集 禅 -Zen-
AbsoЯute Zero	境界線のファンタジー
外柿山	オーケストラ稀翁玉
荒御霊	Black Border, White Region
荒御霊	Phantagenic Moments
交響アクティブNEETs	東方フィルハーモニー交響楽団11 神
交響アクティブNEETs	東方フィルハーモニー交響楽団10 秘
交響アクティブNEETs	東方フィルハーモニー交響楽団１ 紅
東京アクティブNEETs	東方爆音ジャズ３
東京アクティブNEETs	東方爆音ジャズ２
東京アクティブNEETs	東方爆音ジャズ14 天
外柿山	東方変波位相
凋叶棕	彁
凋叶棕&ホシニセ	眇
凋叶棕	奏
凋叶棕	娶
凋叶棕	逆
凋叶棕	祀(配信Ver)
凋叶棕	音(配信Ver)
凋叶棕	随(配信Ver)
凋叶棕	伝
凋叶棕	夢(配信Ver)
凋叶棕	掲
凋叶棕	密(配信Ver)
凋叶棕	喩
凋叶棕	求
凋叶棕	奉(配信Ver)
凋叶棕	屠(配信ver)
凋叶棕	望
凋叶棕	改
凋叶棕	徒
凋叶棕	辿／誘(配信Ver)
凋叶棕	騙(配信Ver)
凋叶棕	彩(配信Ver)
凋叶棕	綴
凋叶棕	遙
凋叶棕	憩
凋叶棕	廻(配信ver)
凋叶棕	謡
凋叶棕	趣
凋叶棕	宴
ジェリコの法則	Fantastic Demolition
ジェリコの法則	Absolutely Perfection
ジェリコの法則	Created Religion
オーライフジャパン	相剋和楽檄
イノライ	月華蝶/革命宣戦ファシズム
イノライ	Re:BLOOD GATE
イノライ	SAVE NO SENSE
イノライ	ツナガル セツナ
イノライ	叫べ ディザイア
イノライ	DESTINE ASH/Love Love Scarlet
ついったー東方部	Bhava:agra
ここから先、34小節目。	非統一宇宙探訪　～ the 23rd Century Maidens.
ここから先、34小節目。	幺樂紀行　～ Mystic Untouched Area.
ここから先、34小節目。	手焼きあぶらあげ総集編
ZYTOKINE	SURVIVAL IN RUINS
ZYTOKINE	JUST FLOWERING
ZYTOKINE	BIRTH IN DAWN
ZYTOKINE	JUBILEE -THE BEST of ZYTOKINE/CYTOKINE4-
Water Color Melody.	ME.HER
Water Color Melody.	セーラー服と夢の色彩に関する考察
Water Color Melody.	僕が両目を失くした日、君の額がそっと熱を帯びた。
TatshMusicCircle	FAR EAST OF EAST -XIX-
TatshMusicCircle	FAR EAST OF EAST -XVIII
SOUND HOLIC	射命丸 -SHAMEIMARU-
SOUND HOLIC	TOHO PIANISM V
CrazyBeats	TOHO INST-COLLECTION Vol.10
CrazyBeats	TOHO INST-COLLECTION Vol.09
CrazyBeats	TOHO INST-COLLECTION Vol.08
CrazyBeats	TOHO INST-COLLECTION Vol.07
CrazyBeats	TOHO INST-COLLECTION Vol.06
CrazyBeats	TOHO INST-COLLECTION Vol.05
CrazyBeats	TOHO INST-COLLECTION Vol.04
CrazyBeats	TOHO INST-COLLECTION Vol.03
CrazyBeats	TOHO INST-COLLECTION Vol.02
CrazyBeats	TOHO INST-COLLECTION Vol.01
CrazyBeats	TOHO DANCE MIX
CrazyBeats	THE BEST OF 頭文字T EXCITING BEST
CrazyBeats	TOHO DANCE PARTY 02
CrazyBeats	頭文字T T-SELECTION Vol.10
ACCORD ON CODES	Lunatic cocktails
A-One	TOHO EUROBEAT VOL.22 神霊廟
Clean Tears	Chillout condiment
Rolling Contact	玉響宴奴
Rolling Contact	SYNAESTHESIA
Rolling Contact	幻羽鳶姫
Rolling Contact	Dream Blossom 2
Rolling Contact	HEAVEN's SOUND 01
Rolling Contact	HEAVEN's SOUND 02
Rolling Contact	HARDCORE BARRAGE
Rolling Contact	Twisted Bouncers 4
Rolling Contact	ELECTRO CUTE
Rolling Contact	HARDCORE BARRAGE 2
Rolling Contact	HEAVEN's SOUND 03
Rolling Contact	Progressive Starbow
Rolling Contact	Dream Blossom 3
Rolling Contact	HARDCORE BARRAGE 3
Rolling Contact	Progressive Starbow 2
Rolling Contact	東方俗楽譚 -其の参-
Rolling Contact	TOHO Glitch 2
Rolling Contact	B/M ILLUSTRATOR
Rolling Contact	Desire Drop
Rolling Contact	HEAVEN's SOUND 04
Rolling Contact	TOUHOU meets HARDCORE 1
Rolling Contact	TOUHOU meets TRANCE
Rolling Contact	HARDCORE BARRAGE 4
Rolling Contact	Progressive Starbow 3
Rolling Contact	TOUHOU meets HARDCORE 2
Rolling Contact	Dream Blossom 4
Rolling Contact	ELECTRO CUTE2
Rolling Contact	Twisted Bouncers
Rolling Contact	Twisted Bouncers 2
Rolling Contact	TOHO Glitch
Rolling Contact	HARDCORE BARRAGE 5
IRON ATTACK!	Little Daybreaker
IRON ATTACK!	魔都幻想物語
Echollapsar	地表下40000ヨージャナの夢
AbsoЯute Zero	４次元BRAVER
AbsoЯute Zero	ABSOLUTE HERO / Paranoia activity
AbsoЯute Zero	Associate Door
AbsoЯute Zero	不揃い777
AbsoЯute Zero	迷宮フラストレーション
AbsoЯute Zero	アンロケイテッドヘル
Silent Sinner in Scarlet	東方紅魔旧　～ The Ancienthood of Scarlet Devil
Astral Sky vs. 非可逆リズム	Re：End of a Dream -東方妖々夢編-
荒御霊	BEASTLY TECHNO HELL
発熱巫女〜ず	PRISM - Digital Single Edition -
森羅万象	カリスマ煉獄天神
梶迫小道具店	SKEPTICISM 1
東方事変	shinyaichijinomachiawase
彩音 〜xi-on〜	BEST selection Ⅰ -ラスボスベスト-
幽閉サテライト	DX ALBUM「今、誰が為のかがり火へ」
幽閉サテライト	幻想万華鏡～肝試しの章～オリジナル・サウンドトラック
幽閉サテライト	森羅万象に触れて～驚～
幽閉サテライト	幻想万華鏡～永夜異変の章（後編①、後編②）～オリジナル・サウンドトラック
幽閉サテライト	色は匂へど 散りぬるを (BAND arrange version vol.1)
幽閉サテライト	紅に染まる恋の花
少女フラクタル	幸せの行方
少女フラクタル	DX ALBUM「色は匂へど散りぬるを」
少女フラクタル	裏表ロンリネス
外柿山	東方音楽史4
ゼッケン屋	Zekken No.5 The Free Faller
ジェリコの法則	Supernatural Operation
ジェリコの法則	Insane Habituation
ジェリコの法則	Frantic Acceleration
まりつみ	Dance Out
ねこみりん	ねこみっくす2 -Best Of Fullpack- (side:Touhou)
SOUND HOLIC Vs. Eurobeat Union	EUROBEAT HOLIC III
SOUND HOLIC Vs. Eurobeat Union	EUROBEAT HOLIC II
SOUND HOLIC Vs. Eurobeat Union	EUROBEAT HOLIC
SOUND HOLIC	Metallical Remasters
SOUND HOLIC	Metallic Sanctus
SOUND HOLIC	Metallical Animism
SOUND HOLIC	Metallic Vampire
SOUND HOLIC	Metallical Astronomy
Rolling Contact	HEAVEN's SOUND 05
Rolling Contact	ELECTRO CUTE 3
Rolling Contact	Out Of The Box
Rolling Contact	Soft Landing TOHO
Rolling Contact	Distorted Terror
Rolling Contact	東方密林恐怖
Rolling Contact	Yabba Ragga Toho 3
Rolling Contact	Drop Of Drop
Rolling Contact	HEAVEN"s SOUND EX-02
Rolling Contact	B/M DISTURBER
Orpheus of Flame	Master of Shooting
Orpheus of Flame	HEAVENLY PHOENIX
K2E†Cradle	TOHO EURO TRIGGER VOL.06 Non-Stop BEST
K2E†Cradle	TOHO EURO TRIGGER VOL.05
IRON ATTACK!	Labyrinth with Vampire
IOSYS	TOHO BOOTLEGS 3
カワテ☆ブクロ	永遠から始まる物語
Astronomical (JAPAN)／Amateras Records	Kamala
Amateras Records	SkyDrive!
Amateras Records	Mysterious Spirit the instrumental
Amateras Records	Mysterious Spirit
Amateras Records	Disorderly Love the instrumental
AbsoЯute Zero	Irreplaceable Second
AbsoЯute Zero	Piece of clown
AbsoЯute Zero	Absolute One
AbsoЯute Zero	誰が言った？Honey,優しいケーキ
A-One	Precious Steps (エアコミケ98 Remix)
A-One	TOHO EUROBEAT EX2 〜GOD SONGS GOD SINGS〜
A-One	TOHO EUROBEAT VOL.21 星蓮船
A-One	TOHO EUROBEAT presents THE REVIVAL MIX 2
魂音泉	lastsnow
豚乙女	東方猫鍵盤19
豚乙女	ゲリラ2
豚乙女	まじっく・らんたん
豚乙女	豚BEST4
群雨アンブレイラ	with the light
群雨アンブレイラ	Fragment Skies
森羅万象	アナザーセンセーション ～ Extra Vocal BEST
梶迫小道具店	thugs
N+	『spill over』feat.Chata
東方事変	chapter1
東方事変	臨界突破
東方事変	prologue
東方事変	絶望的協奏曲
東方事変	限界パラドックス
東方事変	絶倫パトロール
東方事変	悦楽バージン
東方ロストワード	ロストワードクロニカル
幽閉サテライト	雅‐MIYABI‐SinglesBestvol.7～明鏡止水～
幽閉サテライト	幻想万華鏡～永夜異変の章(前・中編)～オリジナル・サウンドトラック
幽閉サテライト	果てなき風の軌跡さえ～破～
少女フラクタル	3in1CD「聖人の調律」
少女フラクタル	シングルズベストVol.3「その日、夢想は共鳴する」
少女フラクタル	シングルズベストVol.2「無邪気という名の正義」
少女フラクタル	不可測的メトロポリス
インスタントフィルハーモニー	続　秘封旅路録
インスタントフィルハーモニー	涼風の詩
アベニュールーム	雪月花
TaNaBaTa	KILLER TUNES
TaNaBaTa	アヤメクリスタル
TaNaBaTa	スリーセブン -The Second Half-
TaNaBaTa	スリーセブン
TaNaBaTa	白い宇宙
TaNaBaTa	Acoustic Time
TaNaBaTa	カズラナデシコ
TaNaBaTa	Star Ocean e.p.
TaNaBaTa	カナデレイン
TaNaBaTa	コガネイロファンタスティック
TaNaBaTa	サクラツナギ
TaNaBaTa	セツナライト
SOUND HOLIC	強敵 -FIFTH BOSS-
SOUND HOLIC feat. 709sec.	REVIVAL BEST IV
SOUND HOLIC	令和 -REIWA-
Melodic Taste	紅色のシンフォニック・スイート
K2E†Cradle	TOHO EURO TRIGGER VOL.04
K2E†Cradle	TOHO EURO TRIGGER VOL.03 Non-Stop BEST
K2E†Cradle	TOHO EURO TRIGGER VOL.02
K2E†Cradle	TOHO EURO TRIGGER VOL.01
K2E†Cradle	deadly poison
K2E†Cradle	Black Magic Girl
K2E†Cradle	Scarlet Grace
K2E†Cradle	abyss Gatekeeper
K2E†Cradle	Pandora's BOX
K2E†Cradle	REVERSAL OF MOON
K2E†Cradle	BURNING DESIRE
K2E†Cradle	CRAZY BEAT SHOCK!!
IRON ATTACK!	Follow the destiny
IOSYS	東方狛犬歌帖
FloatingCloud	Carnival
FloatingCloud	FlowerVillage
FloatingCloud	東方アイリッシュ
ESQUARIA	iDolization
ESQUARIA	ESQUARIA VOCALBEST 002
ESQUARIA	CRIMSON ZETA
ESQUARIA	FRENZY BLOOM
ESQUARIA	Psychic Dreamer
ESQUARIA	ESQUARIA INST BEST 001
ESQUARIA	Angel Gate
ESQUARIA	EXFLORA
ESQUARIA	ESQUARIA VOCALBEST 001
ESQUARIA	ULTIMATE MANIA
ESQUARIA	EstivalRave
ESQUARIA	DEAR LOVERS β
ESQUARIA	ETERNITY WISH
ESQUARIA	XTEND DRIVE
ESQUARIA	DEAR LOVERS
ESQUARIA	Shining Master
ESQUARIA	PLATONIC SOUL
ESQUARIA	EPIC FAITH
ESQUARIA	EMOTIONAL CHAOS
ESQUARIA	Xeno Blaze
ESQUARIA	extreme
ESQUARIA	reproduction
ESQUARIA	recollection
COOL&CREATE	あまね東方ボーカルあつめました“Thank you BEST”
COOL&CREATE	オールナイト・オブ・ナイツ　ルナティック
ClumsyRecord	the TOHO Creation 01
AncientChronicle	あたいいろの景色
Amplified Sound	Strange Architecture
Amplified Sound	Wonderland
Amplified Sound	Drawing The Rainbow
AbsoЯute Zero	Shout! May mar
ShibayanRecords	オトメキュート
ShibayanRecords	TOHO BOSSA NOVA 9
XL Project	Blue Album
ShibayanRecords	Broad Border / Booth版
Rolling Contact	HARDCORE BARRAGE 6
Rolling Contact	ぶちあげアップデート！
Rolling Contact	Moombahtoho!
Rolling Contact	ぶちあげアップデート！2
Rolling Contact	Technical Master
Rolling Contact	HEAVEN's SOUND EX-01
Rolling Contact	Twisted Bouncers 3
Rolling Contact	HARDCORE BARRAGE 7
Rolling Contact	ぶちあげアップデート！3
Rolling Contact	Yabba Ragga Toho
Rolling Contact	Out of the Box 3
Rolling Contact	おしえて！聖おねえちゃん！
Rolling Contact	B/M ISOLATOR
Rolling Contact	Psychedelic Shrine
Rolling Contact	Yabba Ragga Toho 2
Rolling Contact	B/M INSTIGATOR
Rolling Contact	トーホーディスコナイトフィーバー
Rolling Contact	B/M DOMINATOR
Rolling Contact	ELECTRO CUTE 4
Rolling Contact	B/M LIBERATOR
Rolling Contact	HARDCORE BARRAGE 8
魂音泉	心ノ音 III
魂音泉	心ノ音 II
魂音泉	心ノ音
魂音泉	EN:CORE #1
風鈴ぼるけいの	まぁこの人里で踊れるのなんて私くらいだしね？
風鈴ぼるけいの	狼と幻想郷
風鈴ぼるけいの	今年の思い出 -2016-
風鈴ぼるけいの	金曜日の彼女たち
風鈴ぼるけいの	こもれびスケッチブック
風鈴ぼるけいの	夢のつづき
風鈴ぼるけいの	喫茶化猫でおしゃべりを
風鈴ぼるけいの	針妙丸のちいさな冒険
風鈴ぼるけいの	私の紅魔館
街角麻婆豆	街角麻婆豆 グレイテスト・ヒッツ
街角麻婆豆	お次は何処で踊りましょうか
街角麻婆豆	東方縦笛地霊殿
街角麻婆豆	Dancing Phantasmagoria
街角麻婆豆	天狗レボリューション
街角麻婆豆	けーね先生の音楽教室
街角麻婆豆	Mr. Sound Postman
街角麻婆豆	夏色の結晶
街角麻婆豆	ミルクティーの調べ
街角麻婆豆	舞踏会のドスコナウォシチ
街角麻婆豆	地獄の音楽練習帳
街角麻婆豆	ふぇれれもんじゃ
街角麻婆豆	風景色
街角麻婆豆	街角麻婆豆 室内楽作品総集編 No. 001
街角麻婆豆	幻想郷の五人組
街角麻婆豆	あわせて
街角麻婆豆	雨上ガリ
街角麻婆豆	ちていのリュトモス
街角麻婆豆	グリニッジでつかまえて
街角麻婆豆	Autumn Again!! -天高く穣子ゆる秋-
街角麻婆豆	東方縦笛風神録
街角麻婆豆	NOISIER THAN THAT
街角麻婆豆	東方縦笛総集編 -第壱樂章-
街角麻婆豆	⑨リコーダーバカルテット
街角麻婆豆	東方縦笛永夜抄
街角麻婆豆	東方縦笛リアレンジ①
街角麻婆豆	東方発車メロディー１
街角麻婆豆	東方縦笛妖々夢
街角麻婆豆	東方縦笛紅魔郷
荒御霊	and the fictions of reality
荒御霊	Ghostly Night Party
荒御霊	Meditation in the Red Wind
荒御霊	the facts of phantasy
荒御霊	Darkroom Ghostech
荒御霊	Divided Innerworld
荒御霊	PURELY TECHNO HELL
荒御霊	Minimalistic Mad Moon
荒御霊	Dr. LFO
荒御霊	Dateless Steam Visions
舞風-Maikaze / 時音-Tokine	記憶 MAIKAZE music works (新装版)
舞風-Maikaze / 時音-Tokine	東方ちぎり徒花
舞風-Maikaze / 時音-Tokine	東方秘躍潜
舞風-Maikaze / 時音-Tokine	東方小柔童
舞風-Maikaze / 時音-Tokine	東方神月譚
舌打カーニバル	Wパンチ
舌打カーニバル	東方秋桜
舌打カーニバル	参差錯落
発熱巫女〜ず	Love, Smile & Blood
狐夢想屋×ゼッケン屋	跳ねっ返れフラッパー
狐夢想屋×ゼッケン屋	トコヨビート
狐夢想屋×ゼッケン屋	THE BEST FROM 電子弦奏 1-4
狐夢想屋×ゼッケン屋	電子弦奏7
狐夢想屋×ゼッケン屋	電子弦奏6
狐夢想屋×ゼッケン屋	電子弦奏5
狐夢想屋×ゼッケン屋	電子弦奏4
狐夢想屋×ゼッケン屋	電子弦奏3
狐夢想屋×ゼッケン屋	電子弦奏2
狐夢想屋×ゼッケン屋	電子弦奏1
狐夢想屋	デンキドッグ (Electric INU)
狐夢想屋	フレンズ･オブ･ムーン
狐夢想屋	東方イヌ科キャラのアレンジCD
狐夢想屋	狐夢想屋の東方アレンジベスト 2007-2016
狐夢想屋	人魚の沐浴 -misty merfolk-
狐夢想屋	月と地球と巫女れいむ。
狐夢想屋	幻想TRAX I
狐夢想屋	東方VGM
狐夢想屋	東方DTM
狐夢想屋	スパーク・スターズ・ストライカー / KMO
狐夢想屋	恋色マジック・オーケストラ（幻想郷版）/ KMO
渡り鳥のほとり	博麗神社の桃太郎
梶迫小道具店	53 Ghostory Cruise
梶迫小道具店	RE:RED RED RED CURTAIN
梶迫小道具店	ONKAGRA
梶迫小道具店	GOOD EVENING Ms ETAOIN & SHRDLU
梶迫小道具店	SCHLUCHT
梶迫小道具店	Grenze
梶迫小道具店	Fucsia
彩音 〜xi-on〜	IRISeason -アイリシーズン-
彩音 〜xi-on〜	FREESIA -フリージア-
少女理論観測所	東方Hyper Grooving Jazz Music Vol.1
少女理論観測所	Girls Logic Rock Show Vol.1
少女理論観測所	Hollow Masquerade
少女理論観測所	Reversible Negophilia
少女理論観測所	ParallelEnd Observer
少女理論観測所	Border on Blossom
少女理論観測所	Lapin Lunaire
外柿山	オーケストラ秋霜玉
外柿山	オーケストラ怪綺談
外柿山	東方音楽史3
外柿山	オーケストラ幻想郷
外柿山	東方邦楽集3
外柿山	オーケストラ夢時空
外柿山	東方音楽史2
外柿山	オーケストラ蓮台野夜行
外柿山	東方邦楽集2
外柿山	オーケストラ封魔録
外柿山	東方音楽史
外柿山	オーケストラ靈異伝
外柿山	東方タンゴ集
マッコ屋	ウトアメルモリアル
ゼッケン屋	ゼッケン屋 LIVE 2016 スピア・アーカイブス・アーカイブス
ゼッケン屋	ゼッケン屋 LIVE 2015 Return To Z
ゼッケン屋	ゼッケン屋 LIVE 2014 THE PREMIUM ZEKKEN
ゼッケン屋	Zekken Original 01 スピア・アーカイブス
ゼッケン屋	Zekken No.4 Brilliant & Precious
ゼッケン屋	Zekken No.3 Rare Tracks & Bones
ゼッケン屋	Zekken No.2 Killer Decoration
ゼッケン屋	Zekken No.1 Dry Eye Party
ジェリコの法則	Overdone Progression
ジェリコの法則	East Side Reincarnation
ジェリコの法則	Arranged Explosion
ジェリコの法則	Primitive Ignition
ジェリコの法則	Spiritual Circulation
オノ	axeempty - Fortunate Flower
まりつみ	Glowing Souls
まりつみ	Riviving Dreamland
かめかっぱ	風光明媚
かめかっぱ	LOST.
かめかっぱ	CHERRY HARMONY
かめかっぱ	HEROINES
かめかっぱ	あにみずむはーもにー
かめかっぱ	Scarlet Harmony
かめかっぱ	M.M.M.
かちかち山	どうぶつのうた
かちかち山	どうぶつのうた 弐
かちかち山	どうぶつのうた 参
かちかち山	どうぶつのうた 肆
かちかち山	どうぶつのうた 伍
bunny rhyTHm	3rd Anniversary
XL Project	East Side Lounge
XL Project	Multiple Far East
XL Project	Faith of Shrinemaiden
XL Project	Red Album
XL Project	Cosmic Travelers
XL Project	Endless Festival EP
XL Project	RE:ACTANCE
XL Project	At the Sacrifice
XL Project	the end of the world
XL Project	the last hope
XL Project	the starry sky
XL Project	MONOCHROME
XL Project	Circle of Changes
XL Project	Color of Life
XL Project	Claudia
XL Project	Alicia
SOUND HOLIC	SOUND HOLIC MEETS TOHO ～JAZZ ARRANGE SELECTION～
SOUND HOLIC	秘封 -HIFUU-
SOUND HOLIC	zikeez
S/N Ravens	Lunar Soul Delirious
S/N Ravens	ALTERED STATE OF CONSCIOUSNESS
S/N Ravens	Salty Noise Redemption
RoundLoudenss	Witness Walks
RoundLoudenss with.タンタル	風雅なるスプルース
PHOENIX Project	Maple Fragrance
PHOENIX Project	Nowadays,
PHOENIX Project	霧雨魔法典 3 ～ 東方 8bit + Band + Dance Arrange
PHOENIX Project	霧雨魔法典 2 ～ 東方 8bit + Band + Dance Arrange
PHOENIX Project	霧雨魔法典
PHOENIX Project	piano del volto
PHOENIX Project	Catchy Tunes
PHOENIX Project	VERMILION
PHOENIX Project	The Scarlet Square
PHOENIX Project	aim ／ Ravaged AREA 2011
PHOENIX Project	ふぇにぷろベストセレクション “13 years 2004-2018”
PHOENIX Project	爆裂剥霊
PHOENIX Project	東方 Hard Rock Arrange Album “scar”
PHOENIX Project	紅緋
PHOENIX Project	ReiMei - 黎明 4
PHOENIX Project	ReiMei - 黎明 3
PHOENIX Project	ReiMei - 黎明 2
PHOENIX Project	ReiMei - 黎明
PHOENIX Project	東方 Hard Rock Arrange Album "cult"
PHOENIX Project	歪形弦奏録
PHOENIX Project	Scarlet Isolation
PHOENIX Project	Unknown Climax
PHOENIX Project	G: Scarlet (Connect)
PHOENIX Project	F: Scarlet (Innocence)
PHOENIX Project	D#: Scarlet Shift
PHOENIX Project	B♭: Scarlet Sequel
PHOENIX Project	Am: Scarlet (Optimize)
Lunatico_fEs(ヤヤネヒロコ)	星月千夜 E.P
LSDとactivity	ワールドレコード
LSDとactivity	サークルトリップ
LSDとactivity	カラフルノート
KAI	屋根の下と雨
IRON ATTACK!	Japonism
IOSYS	TOHO BOOTLEGS 2
IOSYS	みんなのパーフェクトチルパ天国
IOSYS	ROCKIN'ON TOUHOU VOL.8
DREAMERS GARDEN	魂の旅路
DREAMERS GARDEN	Fairy's Lake
CrazyBeats	TOHO EURO NIGHT FOUR
CrazyBeats	TOHO DANCE PARTY 01
CrazyBeats	頭文字T T-SELECTION Vol.09
COOL&CREATE	東方人 -TOHO BEAT-
COOL&CREATE	東方サマーフタリ
COOL&CREATE	スーパーシャッターガール
COOL&CREATE	スーパーあまねりお
COOL&CREATE	Flowering ERINNNNNN!!
COOL&CREATE	東方ホムーラン
COOL&CREATE	東方ストライク
CC姫工	東方Trance Space
CC姫工	東方Drive Mode2
CC姫工	東方Battle Inspiration
Bullet IX	RETURNER
Bullet IX	Twilight Nostalgia
Bullet IX	天籟恋歌
Bullet IX	幻想行脚
Arisaki Works	東方弦合奏集 Vol.2
Arisaki Works	東方弦合奏集
Angelicca	Decide
Angelicca	Daybreak
Angelicca	Tailwind
Angelicca	Brilliance
Angelicca	Mare
Angelicca	Crescent
AbsoЯute Zero	Code makes jeer,Sad to read
AbsoЯute Zero	明明白白Blacking
UNDEAD CORPORATION DOUJIN WORKS	一撃 special edition
魂音泉	Innocent Days
幽閉サテライト	その神のジレンマに
少女フラクタル	シングルズベストVol.1「果てなき風の軌跡さえ」(アニメMV使用曲「果てなき風の軌跡さえ」収録)」
少女フラクタル	3in1CD「彷徨いの冥」 Orig.Ver.(幻想万華鏡挿入歌「必然のカタストロフィ」、アニメMV使用曲「彷徨いの冥」収録)
少女フラクタル	サヨナラダイアリー ～ their whereabouts
少女フラクタル	絵空事でいいから。
少女フラクタル	その日、夢想は共鳴する
少女フラクタル	プリズムの音色
少女フラクタル	The Walking Luck
少女フラクタル	Cold Wave
少女フラクタル	常夏サイダー
Unlucky Morpheus	Amazement Park!!
Unlucky Morpheus	U&I EUROBEAT REMIX
Unlucky Morpheus	Parallelism・β
Unlucky Morpheus	猫吟鬼嘯
Unlucky Morpheus	Parallelism・α
Unlucky Morpheus	奇跡の平日
Unlucky Morpheus	Saireco Jealousy
Unlucky Morpheus	REBIRTH Revisited
Unlucky Morpheus	Hypothetical Box ACT 2
IRON ATTACK!	Mystique Concerto
IRON ATTACK!	幻想クライシス
IRON ATTACK!	七人の咎人
IRON ATTACK!	本当は怖い東方世界
IRON ATTACK!	CRYING DESTINY
IRON ATTACK!	宇宙とファンタジー
IRON ATTACK!	Unknown Flowers
IRON ATTACK!	Future and Past
IRON ATTACK!	Twilight Under World
IRON ATTACK!	上海牡丹
IRON ATTACK!	Dim.STARLIGHT
IRON ATTACK!	THUNDERCRACK
IRON ATTACK!	SAILING DESTINY
IRON ATTACK!	BURN IN HELL
IRON ATTACK!	STAR DUST
白鳳(Ende der Welt)	Frontier
白鳳(Ende der Welt)	Grimoire
白鳳(Ende der Welt)	FALL in BLUE
白鳳(Ende der Welt)	ReCollection
白鳳(Ende der Welt)	HEARTBEAT
白鳳(Ende der Welt)	SOPHIA
魂音泉	TOSX TOKYO at clubasia
魂音泉	望痛
魂音泉	THE BEST OF TAMAONSEN INSTRUMENTALS
魂音泉	THE SELECTED WORKS OF TAMAONSEN 5
領域ZERO	魔幻空宴歌-幻想ノ壱-
領域ZERO	魔幻空宴歌-幻想ノ零-
領域ZERO	STARDUST DREAMS
豚乙女	東方猫鍵盤18
豚乙女	プレゼント
豚乙女	獄
豚乙女	フィンガー21
豚乙女	リバーサイドパレード
豚乙女	epitaph
群雨アンブレイラ	Hod
森羅万象	東方歌ってみた　配信Ver
森羅万象	シンラミュージアム
森羅万象	エイセイパレード
梶迫小道具店	WORLD REBUILDERS
梶迫小道具店	Sept florum
梶迫小道具店	MOON TRIBE
梶迫小道具店	ARIAKE
幽閉サテライト	幻想万華鏡～巨大妖怪伝説の章～オリジナルサウンドトラック
幽閉サテライト	月輪に巡らされた記憶
幽閉サテライト	幻想万華鏡～花の異変の章～オリジナル・サウンドトラック
幽閉サテライト	ゼロへ旅立てるのなら
幽閉サテライト	誠-MAKOTO-Singles Best vol.5 ～善悪の頂にある真実～
幽閉サテライト	ささやく、消えかけた後遺症が。
岸田教団＆THE明星ロケッツ	ROLLING★STAR
岸田教団＆THE明星ロケッツ	幻想事変
岸田教団＆THE明星ロケッツ	.JP
少女フラクタル	夢色プレリュード
少女フラクタル	終天のアリア
少女フラクタル	無限の旅、僕らの選択
オーライフジャパン	仮面奇現象
アベニュールーム	画竜点睛
もりのあるまち	東方戦車道オリジナルサウンドトラック
もりのあるまち	東方行進曲アレンジ合同
minimum electric design	TRAIL III
minimum electric design	FLOWERS
minimum electric design	0秒の主役
bunny rhyTHm	kiRa☆rhyTHm
bunny rhyTHm	幻想白昼 Phantom Hakuchū
bunny rhyTHm	歌于绯想 剑问真情
Yonder Voice	蛍標
Team-Bearhug	HARD AND NERD
POLTANEST	FEST
NETCAVY RECORDS	Akyu's Untouched Eurobeat Vol. 1
Melodic Taste	東方シンフォニック・ベスト
MICMNIS	Event Horizon
Lunatico_fEs(ヤヤネヒロコ)	少女洋琴倶楽部マニアクス
Lunatico_fEs(ヤヤネヒロコ)	The mormental E.P - 少女洋琴倶楽部Ⅲ-
Lunatico_fEs(ヤヤネヒロコ)	Japanese Dream #1
Lunatico_fEs(ヤヤネヒロコ)	フェアリイ・ランド Reprise
Lunatico_fEs(ヤヤネヒロコ)	夏の庭 E.P
IOSYS	燃えろ! 東方ブラスバンド
IOSYS	ROCKIN'ON TOUHOU The Best
IOSYS	きれいなイオシス
IOSYS	IOSYS音ゲーBEST!! ―東方アレンジ編―
IOSYS	re:takes ～best of minami's toho guitar works～
IOSYS	miko BEST Toho of IOSYS
IOSYS	Grimoire of IOSYS - 東方BEST ALBUM vol.3 - LIGHT
IOSYS	Grimoire of IOSYS - 東方BEST ALBUM vol.2 - LIGHT
IOSYS	Grimoire of IOSYS - 東方BEST ALBUM vol.1 - LIGHT
IOSYS	TOHO BOOTLEGS
DiGiTAL WiNG	RAVER’S NEST 2 TOHO RAVE PARTY EXTENDED Ver.
DiGiTAL WiNG	RAVER’S NEST 1 TOHO RAVE PARTY EXTENDED Ver.
DiGiTAL WiNG	BEST FESTIVAL OF TOHO DANCE ANTHEM 1st PARTY
DiGiTAL WiNG	Paranoia THE BEST-7th anniversary-
DiGiTAL WiNG	RAVER'S NEST 10 TOHO RAVE PARTY
DiGiTAL WiNG	HIGH SPEED BEST OF RAVER'S NEST Vol.2
DiGiTAL WiNG	TOHO DANCE ANTHEM Vol.3
DiGiTAL WiNG	デジウィ EVOLUTiON
AbsoЯute Zero	住に単会のAntenora
Crest	SEN
Crest	MindSeeker
Crest	CrestⅡ
Crest	Star and Crescent
Crest	Dual CirculationⅢ
Crest	Crest
Crest	Nu
Crest	Dual Circulation Ⅱ
Crest	Dual Circulation
Crest	虚数の中に月の出づる
Crest	偶然性深度≒不定性進路
Crest	クロノスは夢を見ない
Crest	華言
Crest	東方AOR
Crest	狼と巫女とお菓子の家
Crest	影凪ろまん
Crest	Serendipity
Crest	Drive to Arrive
Crest	Voices
Crest	月悠インサニティ
Crest	螺旋衒操
Crest	Jolt Candy
Crest	茜眩帷
Crest	流月抄
ZYTOKINE	ff -THE BEST of ZYTOKINE/CYTOKINE3-
ZYTOKINE	Liquid Total Reflection -THE BEST of ZYTOKINE/CYTOKINE2-
荒御霊	魔神壊鉢
荒御霊	Deepdream of Doppelganger
荒御霊	SpellTechX
荒御霊	硯音
荒御霊	Undercurrent Resistance
荒御霊	Cruithne
荒御霊	My Lovely Bodhisattva EP
交響アクティブNEETs	東方フィルハーモニー交響楽団 メドレィズ
東京アクティブNEETs	東方爆音ジャズ１
机上の空想理論	夢現のキュリオシティ
机上の空想理論	東の国の少女Alice
机上の空想理論	Xanadu Judgement (DL版)
机上の空想理論	夢幻奏譚「月　～ Lunatic Full Moon」
少女理論観測所	Rozen Garten
以呂波屋	Vous Ensemble
以呂波屋	From... To...
以呂波屋	こはくの幻想盤
以呂波屋	Starry Fairy Party
以呂波屋	round trip
以呂波屋	弦樂三郭天
以呂波屋	Trio ～Girls meet A Girl～
以呂波屋	秘封倶楽部の午後
ついったー東方部	Night Butterfly
ついったー東方部	obSession
ついったー東方部	Ain't me diligent
ついったー東方部	WITHOUT A BOMB
ついったー東方部	Ex-press
ついったー東方部	東方的別解
ついったー東方部	Jamais Vu
ついったー東方部	Stella By Satellite
ついったー東方部	FURTHER CURRENT
ついったー東方部	Birth Of Twitter Tohobu: Early Arranges
waorlarts	ヨルダンの誘惑
ZYTOKINE	CRYMEARIVER
ZYTOKINE	何度でも君/僕を壊/愛したい
ZYTOKINE	BILLIONAIRES' LAW
ZYTOKINE	SUITS
ZYTOKINE	PULSE^2
ZYTOKINE	JAPANIZED BLUE TRAVELLER
ZYTOKINE	NIRVANA
ZYTOKINE	AREA LEVEL ONE
ZYTOKINE	KARAOKE/LTR
ZYTOKINE	50/50
ZYTOKINE	NEWBORN CRYING
ZYTOKINE	4Q8Q
ZYTOKINE	SYSTEMA SOLARE
ZYTOKINE	46 ChordeR
ZYTOKINE	KARAOKE/THNQ
ZYTOKINE	PLEIADES
ZYTOKINE	Ћ⊿⊿θ▽△
ZYTOKINE	THE OUTSIDE ANSWER to the Ultimate Question
ZYTOKINE	BEAUTIFUL KILLER
ZYTOKINE	OVERFLOW XXXX
ZYTOKINE	THNQ -THE BEST of ZYTOKINE/CYTOKINE-
ZYTOKINE	LITTLE WHEEL ALMANDINE
ZYTOKINE	LITTLE WHEEL EUCLASE
ZYTOKINE	hundered hundred
ZYTOKINE	PHOTOGRAPHIC DESTINATIONS
ZYTOKINE	DEATH
ZYTOKINE	＞＞＞＞
ZYTOKINE	MOTHER NATURE
ZYTOKINE	I, SCREAM
ZYTOKINE	XXX
ZYTOKINE	THE LEAP // NEXTRA
ZYTOKINE	THE LEAP // SHOWDOWN
ZYTOKINE	Dancing Dollz
ZYTOKINE	Double Key
ZYTOKINE	silver†
ZYTOKINE	gold*
ZYTOKINE	Zephyr
ZYTOKINE	POP ICON
CYTOKINE	BACKFLASH Audibility
CYTOKINE	1⑨
CYTOKINE	Dead man's hand
CYTOKINE	voice blinded color
CYTOKINE	The TOWER
CYTOKINE	bifurcation
StarlessTrilogy	StarlessTrilogy
StarlessTrilogy	The Empire of Corpses
Siestail	メレンゲミステリー
Siestail	点Ｐ
SOUTH OF HEAVEN	REGAIN ONLINE LIMITED
SOUND HOLIC	烏賊 -IKA-
SOUND HOLIC	PHANTASIEN
SOUND HOLIC	TOHO PIANISM IV
SOUND HOLIC	TOHO PIANISM III
SOUND HOLIC	TOHO PIANISM II
SOUND HOLIC	TOHO PIANISM I
MN-logic24	みねろじおかげさまBEST ～ おかわり！！
MN-logic24	みねろじおかげさまBEST
MN-logic24	シンデレラガール
Login Records	We Are Gensou Bangers Vol.2
IRON ATTACK!	BLUE faith
IRON ATTACK!	RED justice
IRON ATTACK!	秘封奇塊遺産1
Foxtail-Grass Studio	つきよがたり。
Foxtail-Grass Studio	かぜがたり。
Foxtail-Grass Studio	Re*Collection
Foxtail-Grass Studio	ゆきどけアゼリア
Foxtail-Grass Studio	ほしくずアテリア
Foxtail-Grass Studio	monocolotion
Foxtail-Grass Studio	ときかけエオリア
Foxtail-Grass Studio	つきかげクオリア
Foxtail-Grass Studio	なつかぜメモリア
Foxtail-Grass Studio	Re*Circulation
Foxtail-Grass Studio	Cattleya 幻想写景 -妖-
Foxtail-Grass Studio	Lupinus 幻想写景 -風-
COOL&CREATE	東方ギタージュク・EXTRA
COOL&CREATE	東方インストラッシュ
COOL&CREATE	東方ギタージュク・永
COOL&CREATE	諏訪大信仰
Amateras Records	Disorderly Love
Amateras Records	Shining Destiny the instrumental
Amateras Records	Shining Destiny
miko/Amateras Records	NIGHT SKYWALKER the instrumental / miko
miko/Amateras Records	NIGHT SKYWALKER / miko
Amateras Records	Farewell Flower the instrumental
As/Hi Soundworks	新 ピアノのための東方小品集 第2集
AGGRESSIVE BEAT CIRCLE	CIRCLE OF FAITH
AGGRESSIVE BEAT CIRCLE	BURNING ON THE FLOOR
AGGRESSIVE BEAT CIRCLE	AGGRESSIVE GLITTER
AGGRESSIVE BEAT CIRCLE	AGGRESSIVE BEST VOCALS #01
AGGRESSIVE BEAT CIRCLE	AGGRESSIVE GENERATION
ShibayanRecords	ShibayanRecords Instrumental Vol.3
BEMAUND	Pop miX!!
BEMAUND	不死鳥ノ煙
BEMAUND	幽霊屋敷の酔宴
ayashiy	Nine bit memory
ayashiy	Sugar High
ayashiy	Chilly Wind
XG幻想樂団	弦奏楽団 - Death Label -
Sound and Vision Store	東方幻想紅華
Sound and Vision Store	東方夢幻回廊
Sound and Vision Store	西方螺旋結晶
Modest Faber	Fall into the Darkness of Night  
Modest Faber	Float into Digital sky
Modest Faber	Winter Fairy tail 　
Modest Faber	死体旅行 ~Corpse traveler~
Modest Faber	Burning of Universe 
Mentaiko Lab	彼岸による花
Mentaiko Lab	紅の宴
Mentaiko Lab	10月26日、妖怪の山。
Mentaiko Lab	永い夜と共に
Mentaiko Lab	風と舞う紅
Mentaiko Lab	冬景色、春模様。
ESQUARIA	EXFLORA
ESQUARIA	recollection
ESQUARIA	XenoBlaze
ESQUARIA	Eernity Wish
ESQUARIA	PLATONIC SOUL
ESQUARIA	XTEND DRIVE
ESQUARIA	ESQUARIA INST BEST 001
ESQUARIA	ESQUARIA VOCALBEST001
ESQUARIA	reproduction
ESQUARIA	EMOTIONAL CHAOS
ESQUARIA	DEARLOVERSβ
ESQUARIA	Shinning Master
ESQUARIA	Angel Gate
ESQUARIA	ULTIMATE MANIA
ESQUARIA	extreme
ESQUARIA	EPIC FAITH
ESQUARIA	Estival Reve
ESQUARIA	DEAR LOVERS
宅庵	信仰は儚き人間の為に　～トロンボーンと管弦楽のための～
宅庵	上海紅茶館
宅庵	永遠の春夢～弦楽五重奏～
XL Project	RE:ACTANCE
Sprite Wing	東方妖宴楼
Sprite Wing	gray thaumaturge
HAPPY I SCREAM!!	Growing Happiness
HAPPY I SCREAM!!	Control Lover
HAPPY I SCREAM!!	ALL YOU NEED
EdelSounds	UnChanged
EdelSounds	EveningWind
EdelSounds	Calm:
EdelSounds	Retrospection
Psy Hedgehog	Touhou Goa Trance Family Vol.2 ~breaker~
Psy Hedgehog	東方 Goa Trance Family Vol.1
StudioMonoLite	Timeless EP
JF UNION	Coral Red
JF UNION	Super Fish Oil
JF UNION	FANTASM-TRINITY
JF UNION	SNOW FAIRY TALES IMAGE TRACKS 
JF UNION	Lilac Mist
JF UNION	Laboratory of life anxiety　Vol.1
JF UNION	Day Dream
JF UNION	幻想トリップ
JF UNION	Crooked Apple
JF UNION	Reclusive Funky life
Silent Sinner in Scarlet	東方懐旧合成　～ Synthesized Memories
きりかぶ煮込み	無声映画
きりかぶ煮込み	extratone e.p.
きりかぶ煮込み	kill la kill
きりかぶ煮込み	Double Colored Girls
きりかぶ煮込み	kosmos←→khaos
ClumsyRecord	DARU*EX
トリック・ノスタルジー	現樂団の往古2 ～ 束方懐幻想郷 ～
トリック・ノスタルジー	現樂団の往古3 ～ 束方 繪夢時空～
トリック・ノスタルジー	現樂団の往古1.1 ～ 束方 廻怪綺談～
struck theee	jealousy
struck theee	がむしゃら妖怪弾頭！
little white snow	Glamorthick
ShibayanRecords	Solar
ShibayanRecords	TOHO BOSSA NOVA 5
ShibayanRecords	Sedecim
ShibayanRecords	DISCO METRIC
ShibayanRecords	TOHO BOSSA NOVA 2
ShibayanRecords	Crystal stone
ShibayanRecords	À procura de felicidade
ShibayanRecords	TOHO BOSSA NOVA 8
ShibayanRecords	ムソウマテリアライズ
ShibayanRecords	ShibayanRecords Instrumental Vol.2
ShibayanRecords	TOHO BOSSA NOVA 4 
ShibayanRecords	TOHO BOSSA NOVA 3 
ShibayanRecords	TOHO BOSSA NOVA
ShibayanRecords	マジコカタストロフィ
ShibayanRecords	TOHO BOSSA NOVA 7
ShibayanRecords	TOHO BOSSA NOVA 6
ShibayanRecords	ShibayanRecords Instrumental Vol.1
ShibayanRecords	Adrastea
ShibayanRecords	RETRO FUTURE GIRLS
ShibayanRecords	キセキ☆インパルス～Emotional Feedback
ShibayanRecords	ココロバイブレーション
S/N Ravens	ALTERED STATE OF CONSCIOUSNESS
S/N Ravens	Salty Noise Redemption
Ling Notes	風のあらわれ
Cineraria Studio	REVOLUTION REVERIE
AncientChronicle	夢現紀行 - Daydream Traveler.
AncientChronicle	魔法音楽図書館 - Mystic Library.
AncientChronicle	Retrospective Romance
AncientChronicle	あしたいろの景色
AncientChronicle	幻想郷雑録 - An Eastern Mystery.
AncientChronicle	いにしえに伝わる物語 - The Eastern Story Vol.1
メンヘラテレビサイズ	Beyond Girl etc.
メンヘラテレビサイズ	MACHIMIKO。
メンヘラテレビサイズ	さよなら、陽炎
メンヘラテレビサイズ	Stray cat lovers!
メンヘラテレビサイズ	Bless of ALIEN
メンヘラテレビサイズ	ホログラム
ジェリコの法則	Overdone Progression
ジェリコの法則	Primitive Ignition
ジェリコの法則	East Side Reincarnation
ジェリコの法則	Arrenged Explosion
ジェリコの法則	Spiritual Circulation
PHOENIX Project	F: Scarlet (Innocence)
PHOENIX Project	ReiMei -黎明- 4
Dark PHOENiX	Arrow Realize
PHOENIX Project	Arrow Rain
PHOENIX Project	G: Scarlet (Connect)
PHOENIX Project	歪形弦奏録~All Events Result to Distorted Strings
PHOENIX Project	Arrow Revolution
PHOENIX Project	Scarlet Isolation
PHOENIX Project	紅緋
PHOENIX Project	Am:Scarlet(Optimize)
PHOENIX Project	Arrow Revolver
PHOENIX Project	Unknown Climax
marisada	Catalia(beta)
かめかっぱ	LOST.
かめかっぱ	HEROINES
かめかっぱ	風光明媚
disfact	VANISHED MAIDEN サウンドトラック
disfact	デコヒーレンスの神鏡解釈
斧家	ナイトメアダイアリーEP
斧家	Electric Calamity
斧家	Fortunate Flower
斧家	幻想の蓮
as Qool as Qucumber	ポロロスキーツアー
Riverside	bullshit!
Riverside	metamorphoXIs
Riverside	Edis révir ＋
Riverside	Moonlight Windia
Riverside	東方ぱーぷる
Riverside	コンピレーションアルバム収録曲集
Riverside	Château Bleu
Riverside	をどりうた
Riverside	Edis révir
Riverside	Gran Sphere
Riverside	永夜の理
Riverside	opt
Riverside	幻想郷ライフシンドローム
Riverside	よひむすび
Riverside	Fleurir...
Riverside	Gran Magna
Riverside	鏡花風月
Orpheus of Flame	HEAVENLY PHOENIX
Orpheus of Flame	Blade of Infinity
LSDとactivity	ワールドレコード
LSDとactivity	カラフルノート
LSDとactivity	サークルトリップ
Halozy	Starry Presto
Halozy	Crescendo Planet
Halozy	Heartcore Forte
Halozy	物凄いベスト
Glassy:oceaN	東方幻鍵音3 -END OF ILLUSION-
Glassy:oceaN	花弁雪の降る日には
Glassy:oceaN	東方幻鍵音~LOTUS GROOVE~
Glassy:oceaN	よいやみにっき！
Glassy:oceaN	Shinen
Glassy:oceaN	幻想古今奇譚
ぬるはち	Яuler License -Prelude-
ぬるはち	Яuler License
556ミリメートル	Hi-Speed TOHO EURO feat.黒崎朔夜 ver2.0
556ミリメートル	Hi-SPEED TOHO EURO MAX
556ミリメートル	innocent affection
556ミリメートル	Something for you
少女理論観測所	Delight Hour e.p.
TsuBaKi	Triangle
RoundLoudness	FoundLoudness
RoundLoudness	Laid Out Ones
Parasol Pig	Battle in the Sky
Parasol Pig	Breezy Step
ROUGHTIME	恋色マスタースパーク_Rock Instrumental/幽雅に咲かせ墨染の桜 ～ Border of Life_mellow&groove
ROUGH TIME	Springtime is here
05music壱	自由回廊
Bitplane	Eastern Fairy Tale
趣味工房にんじんわいん	Charisma Lash Type-M
趣味工房にんじんわいん	Charisma Lash Type-S
趣味工房にんじんわいん	Charisma Lash Type-R
趣味工房にんじんわいん	Charisma Lash Type-A
趣味工房にんじんわいん	Charisma Lash Type-L
舌打カーニバル	東方アレンジArchives
舌打カーニバル	復活の「S」
舌打カーニバル	東方血祭り 〜Red Carnival〜
百鬼繚乱	東方精神病少女達
百鬼繚乱	東方月艶花
森の民やむぅ	東方戦車道オリジナルサウンドトラック
森の民やむぅ	東方行進曲アレンジ合同
少女理論観測所	絵本仕掛けのワンダーランド
少女理論観測所	Chillout Winter -Four Seasons Library vol.4-
少女理論観測所	TIME STRANGER
少女理論観測所	Border on Blossom
少女理論観測所	showcase i
少女理論観測所	FALL FEEL FALL -Four Seasons Library vol.3-
少女理論観測所	ParallelEnd Observer
少女理論観測所	Pieces of Seasons -Four Seasons Library Extra-
少女理論観測所	Flowering Summer -Four Seasons Library vol.2-
少女理論観測所	Silent Reality
外柿山	東方邦楽集
マッコ屋	霽月と唯物夢想の収束線
マッコ屋	泡沫夢電幻想郷
マッコ屋	有形霧消の『　』
マッコ屋	モノジタイ幻想トキシコシス
マッコ屋	退廃幻想のアムネジア
マッコ屋	神聖エンストゥルカ - Hún er enn stúlka
マッコ屋	ドレアムスーデイルズ - Dream þú deyrð
マッコ屋	イモート・シンドローム！
マッコ屋	揺籃の憑坐とセピアの寓意幻想
マッコ屋	虚実的音価、回顧性景象
フーリンキャットマーク	ギブミースカートショータイム
フーリンキャットマーク	スターライトワンピースター
フーリンキャットマーク	幻想メルヴェイユ
フーリンキャットマーク	ベイビーリトルシティ
フーリンキャットマーク	琥珀のアルテミス
フーリンキャットマーク	星の砂漠のマルクパージュ
フーリンキャットマーク	Personal moment
フーリンキャットマーク	マリベルマールクラシック(BEST)
フーリンキャットマーク	夕闇トワエモア
フーリンキャットマーク	ネコマチプリンセス
フーリンキャットマーク	ロマンティークオルタード
インスタントフィルハーモニー	Land Percuss
インスタントフィルハーモニー	1st MOVEMENT
インスタントフィルハーモニー	天空の宝船
インスタントフィルハーモニー	Scarlet
インスタントフィルハーモニー	秘封旅路録
インスタントフィルハーモニー	白玉楼 杪冬の陣
アベニュールーム	Phantom Photograph
アベニュールーム	Hell Galaxy
アベニュールーム	百花繚乱
アベニュールーム	Funky Frenzy
アベニュールーム	桜蝶演舞
アベニュールーム	Phantasmal Intersection
アベニュールーム	ReBirth
アベニュールーム	Extra World!
アベニュールーム	Radiant Moment
アオイツキヲミテタ	其の少女は、藿香薊の花が枯れるのを待ち侘びた。e.p.
アオイツキヲミテタ	Feedback
アオイツキヲミテタ	Iris e.p.
アオイツキヲミテタ	華が咲いた。退紅の昔日と共に。
アオイツキヲミテタ	バンド・デシネ
アオイツキヲミテタ	Tranquilizer e.p.
アオイツキヲミテタ	Snowdrop
れいんふぉれすと	弦想郷
れいんふぉれすと	暗闇の中で
ゆっくり村のくりゅさんち	封印されし稲田姫様に叱られるから！
ゆっくり村のくりゅさんち	待宵月/永夜の望み
はるまめ工房	東方角笛五重奏
はるまめ工房	東方角笛奏 vol.1～Sound of Suwa.
Whinartense(89P)	eye's_89
tsubakinapoleon	永-TOKOSHIE
tsubakinapoleon	Every Missing Mystic Mxxxxxx
tsubakinapoleon	Cadeau~親愛なる君へ
tsubakinapoleon	永-TOWA~下弦ノ章
the Perfect Insiders	id est
the Perfect Insiders	stella mira
the Perfect Insiders	p ＞ .05
Redox Reaction	TOHO Lexicon vol.2 WitchCrafts
Redox Reaction	TOHO Lexicon
mors mos	Dreamer sealーEP
MN-logic24	プチカミロマンティカ
MN-logic24	ファンタスティックパンダワールド
MN-logic24	サクラヴコミュニケイション
MN-logic24	メクルメクドリーミン
Melodic Taste	風色のシンフォニック・スイート
Melodic Taste	夢色のシンフォニック・スイート
Melodic Taste	緋萃のシンフォニック・スイート
Melodic Taste	秘密のシンフォニック・スイート
Melodic Taste	風ノ紅
Melodic Taste	桜色のシンフォニック・スイート
Melodic Taste	東方交響録～第二集～
Melodic Taste	空色のシンフォニック・スイート
Melodic Taste	紺色のシンフォニック・スイート
Melodic Taste	癒やしの幻奏響～紅～
Melodic Taste	地獄のシンフォニック・スイート
Melodic Taste	追憶のシンフォニック・スイート
Melodic Taste	東方交響録～第一集～
Dot-Add9	東方 Chinema
dat file records	Lass, with care
dat file records	Have a GoodTrip. Pt.2
dat file records	Modernization
dat file records	きたない東方アレンジ王道を往く欲張りセット
dat file records	RADICAL HIGHWAY
dat file records	Function -TO-HO EDM ARRANGE PACKAGE-
dat file records	きたない東方アレンジコンピ『強 い』
dat file records	METROPOLIS
dat file records	最後までチョコたっぷりきたない東方アレンジ「仕舞い」
dat file records	Summer Time Memories
bunny rhyTHm	1st Anniversary
bunny rhyTHm	風に乗せ 天つ彼方へ
bunny rhyTHm	春酔い花唄
bunny rhyTHm	往昔とすれ違う夢
bunny rhyTHm	月平線～Lunar Horizon
bunny rhyTHm	2nd Anniversary
bunny rhyTHm	覚めぬ夢 届かぬ恋
bunny rhyTHm	紅い糸
Arisaki Works	東方弦合奏集
Arisaki Works	東方弦合奏集 Vol.2
Wakaru Records	Understanders vol.4
Wakaru Records	Understanders vol.3
Under Reverse	東方Boss Rush -ReMastered Edit.-
Under Reverse	秘奏弦樂団
Under Reverse	東方旅情綺譚 調律版
Under Reverse	東方旅情綺譚 弐
Under Reverse	Eternity Reverie
Under Reverse	東方旅情綺譚 参
Under Reverse	東方旅情綺譚 山岳篇
Under Reverse	U.N.consciousness
Team-bearhug	Sonnenhymne/走りの文
Team-bearhug	BESTOHODAMMIT
Team-bearhug	Owi, Grausame Morgensonne
Team-bearhug	TOHODAMMIT
Team-bearhug	マーガトロイドのシャンハイハイSDX
Starless Trilogy	春にして君を離れ
Starless Trilogy	Day of the Dead
Starless Trilogy	花妖譚
Starless Trilogy	NOBLE SAVAGE
Sensitive Heart	月射録 ～ The Moon-shooter
Sensitive Heart	桜幻樂典 ～ Fantasic record of Cherry-blossom
Sensitive Heart	Scarlet Destiny
Clean Tears	Chillout Condiment
Rolling Contact	ぶちあげアップデート！2
Rolling Contact	Distorted Terror
Rolling Contact	B/M INSTIGATOR
Rolling Contact	B/M ISOLATOR
Rolling Contact	Yabba Ragga Toho 2
Rolling Contact	HEAVEN's SOUND EX-01
Rolling Contact	MOOMBAHTOHO!
Rolling Contact	Soft Landing TOHO
Rolling Contact	Yabba Ragga Toho
Rolling Contact	おしえて！聖おねえちゃん！
Rolling Contact	ぶちあげアップデート！3
Rolling Contact	Technical Master
Rolling Contact	ぶちあげアップデート！
Rolling Contact	Out of the Box
Rolling Contact	Psychedelic Shrine
Rolling Contact	Out of the Box 3
Rolling Contact	Twisted Bouncers 3
POLTANEST	Visitor's Vision
ShinkoNet	Akyu's Untouched Eurobeat Vol. 1
Murder Ground	Phant0m
MICMNIS	Deep Down Utopia
MICMNIS	Grace of Faith
MICMNIS	Mystic Pocket Watch
LUCIOLE*CAFE	Le Reve
LUCIOLE*CAFE	Cafe de Luciole
LUCIOLE*CAFE	Crystal Ending
K's Guitar	レッツゴー！東方
発熱巫女〜ず	DANCE with WOLVES (2016 Re-Treatment mp3)
発熱巫女〜ず	Segredo (2016 Re-Treatment FLAC)
発熱巫女〜ず	DANCE with WOLVES (High-Resolution Audio)
発熱巫女〜ず	Segredo (2016 Re-Treatment mp3)
FELT	Ground Snow
FELT	Silver Drive
FELT	Flower Flag
FELT	Little Planet
FELT	Rebirth Story
FELT	Fairy Queen
FELT	Stand Up
FELT	BlueDrop
FELT	Milky Wink
Echollapsar	Artificial Eden
ClumsyRecord	駄work。
CC姫工	東方DriveMode2
CC姫工	東方DriveMode
CC姫工	東方BATTLE INSPIRATION
CC姫工	東方TeaTime
CC姫工	東方RPG-IZM
CC姫工	東方DanceFloor
Atainchi Records	EnD ⇔ StarT
Atainchi Records	となりのゆめがたり
Atainchi Records	夜に降り立つ
Atainchi Records	パラレルパレット
Atainchi Records	妖鳥、化猫、夜を逝く
Atainchi Records	Alexandrite Romance
Art be Free	東方インストアレンジ Vol.1
Angelicca	Last Melody
Angelicca	Brilliance
Angelicca	Daybreak
Angelicca	Mare
Angelicca	Tailwind
Angelicca	Meteoroid
Angelicca	Crescent
幽幻魁舎アルテンベルク	秘封草子　～ Obsolete Lesedrama
領域ZERO	東方空宴歌-KURENAI-
領域ZERO	東方空宴歌sideB
領域ZERO	東方空宴歌-EVER-
領域ZERO	東方空宴歌-UTAGE-
領域ZERO	東方空宴歌-SAI-
領域ZERO	東方空宴歌sideA
領域ZERO	東方空宴歌-NEVER-
領域ZERO	東方空宴歌-HAYATE-
領域ZERO	STARDUST DREAMS 東方スカイファイト・サウンドトラック
領域ZERO	東方空宴歌-CLIMAX-
AGGRESSIVE BEAT CIRCLE	AGGRESSIVE CHRONICLE
Project RIOSS	SCARLET FICTION
monoROSETTA	Lotus Land St.
monoROSETTA	Sweet Beat TV
SOUND HOLIC	強敵 -EXTRA BOSS-
SOUND HOLIC	東風谷 -KOCHIYA-
SOUND HOLIC	天 -TEN-
SOUND HOLIC	魂魄 -KONPAKU-
SOUND HOLIC	強敵 -LAST BOSS-
SOUND HOLIC	地霊 -CHIREI-
SOUND HOLIC	十六夜 -IZAYOI-
SOUND HOLIC	花映 -KAEI-
SOUND HOLIC	霧雨 -KIRISAME-
SOUND HOLIC	魔 -ONI-
SOUND HOLIC	博麗 -HAKUREI-
SOUND HOLIC	紺 -KAN-
SOUND HOLIC	紅魔 -KOUMA-
SOUND HOLIC	封 -FUU-
SOUND HOLIC	怪 -KAI-
SOUND HOLIC	永夜 -EIYA-
SOUND HOLIC	輝 -HIKARI-
SOUND HOLIC	秘 -HIME-
SOUND HOLIC	妖夢 -YOUMU-
SOUND HOLIC	夢 -YUME-
SOUND HOLIC	風神 -FUUJIN-
SOUND HOLIC	神 -KAMUI-
SOUND HOLIC	幻 -MABORO-
SOUND HOLIC	月 -TSUKI-
SOUND HOLIC	文 -BUN-
SOUND HOLIC	星 -HOSHI-
SOUND HOLIC	想 -OMOI-
SOUND HOLIC	地 -KUNI-
SOUND HOLIC	花 -HANA-
SOUND HOLIC	紅 -KURENAI-
SOUND HOLIC	永 -TOKOSHIE-
SOUND HOLIC	妖 -AYAKASHI-
SOUND HOLIC	風 -KAZE-
黄昏フロンティア	幻想曲抜萃
黄昏フロンティア	全人類ノ天楽録
黄昏フロンティア	核熱造神ヒソウテンソク
黄昏フロンティア	魔理沙と６つのキノコ ORIGINAL SOUND TRACK
黄昏フロンティア	暗黒能楽集・心綺楼
黄昏フロンティア	深秘的楽曲集
黄昏フロンティア	完全憑依ディスコグラフィ
魂音泉	Santa Prisma
魂音泉	ROOTS
魂音泉, 豚乙女, COOL&CREATE	東方ピース
魂音泉	MOON
魂音泉	Chill In Wonderland
魂音泉	魂音泉 空オーケストラ ~たまオケ~ 4
魂音泉	LIVES
魂音泉	Re:Raise QUADRUPLE
魂音泉	WORLD'S END PARADISE
魂音泉	THE SELECTED WORKS OF TAMAONSEN 4
魂音泉	She Saw
魂音泉	Elysion II :TOHO Geek
魂音泉	STILLING
魂音泉	魂音泉 空オーケストラ ~たまオケ~ 3
魂音泉	ANOTHER LINE EP
魂音泉	STELLA
魂音泉	Re:Raise TRIPLE
魂音泉	LiFESICK
魂音泉	THE SELECTED WORKS OF TAMAONSEN 3
魂音泉	THE SELECTED WORKS OF TAMAONSEN BEKKAN
魂音泉	TIME LINE EP
魂音泉	SAKURA Days EP
魂音泉	With Ø
魂音泉	Re:Raise DOUBLE
魂音泉	Soul Flower
魂音泉	Elysion
魂音泉	THE SELECTED WORKS OF TAMAONSEN 2
魂音泉	Dreamer×Dreamer
魂音泉	魂音泉　空オーケストラ　~たまオケ~ 2
魂音泉	Open Your HEART(S)
魂音泉	Re:Raise
魂音泉	Sky is the Limit
魂音泉	One's Own Way
魂音泉	魂音泉 空オーケストラ ~たまオケ~
魂音泉	Love≒Sick
魂音泉	THE SELECTED WORKS OF TAMAONSEN
魂音泉	コモン・スカイ
魂音泉	桃色ディスタンス
魂音泉	Chill★Now
魂音泉	FANTASIA
魂音泉	S O L
魂音泉	Romansick -ロマンシック-
魂音泉	World's End Garden
魂音泉	東方流星少女 ~Little Shooting Star~
Astral Sky vs. 非可逆リズム	Re：End of a Dream -東方紅魔郷編-
Astral Sky vs. 非可逆リズム	Re：End of a Dream -秘封倶楽部編-
豚乙女	東方猫鍵盤17
豚乙女	ゲリラ
豚乙女	アビス
豚乙女	遊星博覧会
豚乙女	東方猫鍵盤16
豚乙女	大富豪
豚乙女	少女煉獄第四巻
豚乙女	猫の安眠DISC
豚乙女	東方猫鍵盤THE BEST
豚乙女	東方猫鍵盤15
豚乙女	東方猫鍵盤14
豚乙女	東方猫鍵盤13
豚乙女	東方猫鍵盤12
豚乙女	東方猫鍵盤11
豚乙女	東方猫鍵盤10
豚乙女	東方猫鍵盤9
豚乙女	東方猫鍵盤8
豚乙女	東方猫鍵盤7
豚乙女	東方猫鍵盤6
豚乙女	東方猫鍵盤5
豚乙女	東方猫鍵盤4
豚乙女	東方猫鍵盤3
豚乙女	東方猫鍵盤2
豚乙女	東方猫鍵盤
豚乙女	豚BEST3 大盛りチャレンジ
豚乙女	豚BEST2 18キロカロリー
豚乙女	豚BEST　アブラカラメコンピマシマシ
豚乙女	魔女たちの音楽室
豚乙女	大貧民
豚乙女	あやかし横丁
豚乙女	東方音ゲーBEST
豚乙女	ピアノと唄『縁ver』
豚乙女	ピアノと唄『黄昏エレジーver』
豚乙女	CHILD HOOD'S END
豚乙女	疑似家族入門
豚乙女	SACHLIGH
豚乙女	ぱらだいすろすと
豚乙女	FREAKS
豚乙女	今日が最後の一日
豚乙女	おまとめ
豚乙女	ゲツメンタンサ
豚乙女	I LOVE CHERRY
豚乙女	少女煉獄第参巻
豚乙女	鈴のそら音
豚乙女	フォリ・ア・ドゥ
豚乙女	I LOVE RED
豚乙女	ありきたりな脳髄よ、今宵の月と踊れ
豚乙女	アコースティック楽曲集２
豚乙女	少女煉獄第弐巻
豚乙女	ポップ
豚乙女	アコースティック楽曲集
豚乙女	TRASH BOX
豚乙女	異端審問
豚乙女	少女煉獄
豚乙女	獣道
豚乙女	ひかり
豚乙女	鉱石ラジヲ
豚乙女	８-EIGHT-
豚乙女	実は繊細な貴女とたまに勇敢な私のなんだか騒いでるって話。
豚乙女	怨言神楽謌
豚乙女	オリエンタル夢紀行
豚乙女	感謝感激雨あられ
豚乙女	縁
豚乙女	黄昏エレジー
豚乙女	ロングスカートパノラマガール
豚乙女	幻想ホモ・ルーデンス
豚乙女	東方回転木馬
荒御霊	Empathy Subliminal Psychokinesis
荒御霊	Morning of Dreamland
荒御霊	Poorest Celebritie
荒御霊	ANARCHY TECHNO HELL
荒御霊	塞神奉納
荒御霊	AR10
舞音KAGURA/小峠舞	HAKU
舞音KAGURA/小峠舞/AbsoЯute Zero/Rute	Edge
舞音KAGURA/小峠舞	Answer00
舞音KAGURA/小峠舞	KAGE
舞音KAGURA/小峠舞	NAGI
舞音KAGURA/小峠舞	花氷
舞音KAGURA/小峠舞	一意専心
舞音KAGURA/小峠舞	螢火
舞音KAGURA/小峠舞	密か心
舞音KAGURA/小峠舞	天雲
舞音KAGURA/小峠舞	神楽
群雨アンブレイラ	Yesod
群雨アンブレイラ	Aiyatsbus
群雨アンブレイラ	Malchut
群雨アンブレイラ	Qimranut
群雨アンブレイラ	hollowing lamentation -overture-
群雨アンブレイラ	5.0.5. ground zero
群雨アンブレイラ	死神の距離 Distance of Death
群雨アンブレイラ	hollowing articulation -prototype-
群雨アンブレイラ	the third traveler -reprise-
石鹸屋	石鹸屋 LIVE DOJO　再開のクロスハート　東方selection
石鹸屋	命路回遊
石鹸屋	境界観測 The Border Observation
石鹸屋	東方クロスハート
石鹸屋	東方再生工場2013
石鹸屋	東方TOO MUCH
石鹸屋	東方ファイブスター
石鹸屋	東方マグマー
石鹸屋	東方Lv.20
石鹸屋	TOHOHUM
石鹸屋	石鹸屋のお歳暮３ 東方selection
石鹸屋	トウホウパンチライン
石鹸屋	石鹸屋のお歳暮２ 東方selection
石鹸屋	東方不可拘束 ～the maximum moving about!～
石鹸屋	東方弾打團 ～Feast of roaring beast～
森羅万象	あの日の夢のアリス 〜DAY DREAM
森羅万象	シンクロ3
森羅万象	悪戯センセーション
森羅万象	パライソ
森羅万象	ネタミニティ
森羅万象	シンクロ2
森羅万象	シンクロ
森羅万象	シアワセエゴイスト
梶迫小道具店	TRIBAL TURNING MECHANISM
梶迫小道具店	大宴会(2018 Remaster/Digital)
梶迫小道具店	Nameless Squrad
梶迫小道具店	53 minutes for excursion
梶迫小道具店	EXB
梶迫小道具店	Stray Cats ＆ Nippy Dogs +RGB
梶迫小道具店	F51IBR47
梶迫小道具店	CO-INTERDEPENDENCE
梶迫小道具店	RAY
東京アクティブNEETs	東方爆音ジャズ13 紺
東京アクティブNEETs	東方爆音ジャズ12 針
東京アクティブNEETs	東方爆音ジャズ11 神
交響アクティブNEETs	東方フィルハーモニー交響楽団９ 星
交響アクティブNEETs	東方フィルハーモニー交響楽団８ 地
彩音 〜xi-on〜	神霊彩譚 -しんれいさいたん-
彩音 〜xi-on〜	Fairy Tale -フェアリー・テイル-
彩音 〜xi-on〜	FORTUNE LINE -フォーチュン・ライン-
彩音 〜xi-on〜	FLOWERING WAVES -フラワリング・ウェイヴス-
彩音 〜xi-on〜	UNDER FEST -アンダー・フェスト-
彩音 〜xi-on〜	GROOVY MOON -グルーヴィー・ムーン-
彩音 〜xi-on〜	彩花永月 -さいかえいげつ-
彩音 〜xi-on〜	Piano Forte -ピアノフォルテ-
彩音 〜xi-on〜	Mapleaves -メープリーヴス-
彩音 〜xi-on〜	Quatet -カルテット-
彩音 〜xi-on〜	ELECTRIC BAMBOO BEAT!! -エレクトリック・バンブー・ビート!!-
彩音 〜xi-on〜	Scarlet -スカーレット-
彩音 〜xi-on〜	BANQUET -バンケット-
彩音 〜xi-on〜	SPRING BLOSSOM -スプリング・ブロッサム-
彩音 〜xi-on〜	Eyes -アイズ-
彩音 〜xi-on〜	LOTUS -ロータス-
彩音 〜xi-on〜	風彩旋律 -ふうさいせんりつ-
彩音 〜xi-on〜	東方志奏 Ex2 Spell -Regeneration-
彩音 〜xi-on〜	東方志奏 Ex Spell -Memory of the Past-
彩音 〜xi-on〜	東方志奏 12th Spell -Trick Shooter-
彩音 〜xi-on〜	東方志奏 11th Spell -Overflow-
彩音 〜xi-on〜	東方志奏 10th Spell -Expectation-
彩音 〜xi-on〜	東方志奏 9th Spell -Cardinal Red-
彩音 〜xi-on〜	東方志奏 8th Spell -Light of Nature-
彩音 〜xi-on〜	東方志奏 7th Spell -Springhead-
彩音 〜xi-on〜	東方志奏 6th Spell -Undesigned Emotion-
彩音 〜xi-on〜	東方志奏 5th Spell -Changing Times-
彩音 〜xi-on〜	東方志奏 4th Spell -Gust of Wind-
彩音 〜xi-on〜	東方志奏 3rd Spell -Asteroid Orbit-
彩音 〜xi-on〜	東方志奏 2nd Spell -Fullmoon-
彩音 〜xi-on〜	東方志奏 1st Spell -Airstream-
幽閉サテライト	静寂のともし火
幽閉サテライト	届かぬ願いの果てに
幽閉サテライト	今、誰が為のかがり火へ(幻想万華鏡 第12話EDテーマ「今、誰が為のかがり火へ」収録)
幽閉サテライト	3in1CD「森羅万象に触れて」(アニメMV使用曲「森羅万象に触れて」収録)
幽閉サテライト	3in1CD「三千世界」(幻想万華鏡 第2話EDテーマ「ヒトリシズカ」収録)
幽閉サテライト	3in1CD「泡沫、哀のまほろば」(幻想万華鏡 永夜異変の章OP主題歌「泡沫、哀のまほろば」、第6話EDテーマ「魂の語りに導かれて」収録)
幽閉サテライト	明鏡止水
幽閉サテライト	3in1CD「華鳥風月」(幻想万華鏡 花の異変の章OP主題歌「華鳥風月」、第4話EDテーマ「残響は鳴り止まず」収録)
幽閉サテライト	3in1CD「月に叢雲華に風」(幻想万華鏡 紅霧異変の章OP主題歌「月に叢雲華に風」、第1話EDテーマ「Opposite World」収録)
幽閉サテライト	3in1CD「色は匂へど散りぬるを」(幻想万華鏡 春雪異変の章OP主題歌「色は匂へど散りぬるを」、第3話EDテーマ「夜桜に君を隠して」収録)
幽閉サテライト	永遠に効く薬
幽閉サテライト	夢夢振り返らないで
幽閉サテライト	Signal
幽閉サテライト	凍明アスタリスク
幽閉サテライト	君は彼方で踊る星
幽閉サテライト	灼熱を潜る翼
幽閉サテライト	涙のアクセサリー＆辿り着くオアシス
幽閉サテライト	鉄雪
幽閉サテライト	SPアルバム4th「漸う夢の如く」(幻想万華鏡 第4話EDテーマ「残響は鳴り止まず」、第6話EDテーマ「魂の語りに導かれて」収録)
幽閉サテライト	君だけのセカイで咲く華 (幻想万華鏡 紅霧異変の章OP主題歌「月に叢雲華に風」収録)
幽閉サテライト	天上天下の静寂
幽閉サテライト	無謀さえ美しく、華さえ灰になる
幽閉サテライト	SPアルバム3rd「三千世界」(幻想万華鏡 第3話EDテーマ「夜桜に君を隠して」収録)
幽閉サテライト	SPアルバム2nd「月に叢雲華に風」(幻想万華鏡 紅霧異変の章OP主題歌「月に叢雲華に風」、第2話EDテーマ「ヒトリシズカ」収録)
幽閉サテライト	SPアルバム1st「色は匂へど散りぬるを」(幻想万華鏡 春雪異変の章OP主題歌「色は匂へど散りぬるを」、EDテーマ「Opposite World」収録)
幽閉サテライト	特異点の怪物的感情
幽閉サテライト	Dahliaの本性
幽閉サテライト	崇高なる静寂
幽閉サテライト	暁の静寂
幽閉サテライト	コノ葉隠レ(幻想万華鏡第5話EDテーマ「コノ葉隠レ」収録)
幽閉サテライト	静寂の行進
幽閉サテライト	マウストゥーマウス
幽閉サテライト	カナシバリズム
幽閉サテライト	パラノイアの海
幽閉サテライト	雅なる静寂
幽閉サテライト	幽閉樂祭2014～夏の奏宴～
幽閉サテライト	温度差
幽閉サテライト	ことばにしちゃダメなこと
幽閉サテライト	彼方への静寂
幽閉サテライト	幽閉樂祭2014～春の奏宴～(幻想万華鏡 紅霧異変の章OP主題歌「月に叢雲華に風」収録)
幽閉サテライト	さぁ、こごう。(幻想万華鏡OP主題歌「色は匂へど散りぬるを」「月に叢雲華に風」「華鳥風月」収録)
幽閉サテライト	二人ジェラシー
幽閉サテライト	幽閉樂祭～早春の宴～(幻想万華鏡OP主題歌「色は匂へど散りぬるを」「泡沫、哀のまほろば」収録)
幽閉サテライト	華麗なる静寂
幽閉サテライト	幽閉樂祭～夏の宴～(幻想万華鏡 花の異変の章OP主題歌「華鳥風月」収録)
幽閉サテライト	硝子的サイコロジー(Autobahn Remix short ver.)
幽閉サテライト	アノ華咲クヤ(幻想万華鏡 第2話EDテーマ「ヒトリシズカ」収録)
幽閉サテライト	指先チョコレイト(short ver.)(Instrumental)
幽閉サテライト	指先チョコレイト(short ver.)
幽閉サテライト	θで突き刺して
幽閉サテライト	感情ケミストリー(Drum ‘n’ Bass Remix short ver.)
幽閉サテライト	大地に咲く旋律(short ver.)
幽閉サテライト	東方歴絵巻
幽閉サテライト	泡沫、哀のまほろば(幻想万華鏡 永夜異変の章OP主題歌「泡沫、哀のまほろば」収録)
幽閉サテライト	華鳥風月(幻想万華鏡 花の異変の章OP主題歌「華鳥風月」収録)
幽閉サテライト	メビウス
幽閉サテライト	シンデレラアバター
幽閉サテライト	小悪魔りんご(EUROBEAT Remix Short ver.)
幽閉サテライト	幻想万華鏡～春雪異変の章～
幽閉サテライト	ミゼラブルの雫
幽閉サテライト	感情ケミストリー
幽閉サテライト	玉響咲いた背後の永久
幽閉サテライト	隙間風の音色
幽閉サテライト	架ける誓いのトラベリング
幽閉サテライト	御伽噺のカラクリは、
幽閉サテライト	壊れた運命を紡いで
幽閉サテライト	暁-AKATSUKI- Singles Best vol.4 〜コノ葉隠レ〜
幽閉サテライト	幽閉サテライト&少女フラクタル オルゴールコレクション Vol.１
幽閉サテライト	零れずの願いゴト
幽閉サテライト	綴れぬ森の少女
幽閉サテライト	瞬間エヴァーラスティング
幽閉サテライト	第３幕 協奏曲「華鳥風月」 SIDE A
幽閉サテライト	第２幕 協奏曲「月に叢雲華に風」 SIDE A
幽閉サテライト	第１幕 協奏曲「色は匂へど散りぬるを」 SIDE A
幽閉サテライト	森羅万象に触れて
幽閉サテライト	魔法が生まれた日
幽閉サテライト	紅-KURENAI- Singles Best vol.3 ～ヒトリシズカ～
幽閉サテライト	造花であろうとした者
幽閉サテライト	善悪の頂にある真実
幽閉サテライト	荒れ果てた地上の唄
幽閉サテライト	幻想万華鏡～紅霧異変の章～サントラVol.2
幽閉サテライト	静寂のヒトミ
幽閉サテライト	瞳に隠された想ヒ
幽閉サテライト	魂の語りに導かれて
幽閉サテライト	幻想万華鏡～紅霧異変の章～サントラVol.1
幽閉サテライト	想いが歴史に変わる時
幽閉サテライト	炸裂アイロニー
幽閉サテライト	残響は鳴り止まず
幽閉サテライト	最果てのコトバ
幽閉サテライト	幻-MABOROSHI- Singles Best Vol.2
幽閉サテライト	纏-MATOI- Singles Best Vol.1
幽閉サテライト	夜桜に君を隠して
幽閉サテライト	束縛アネモネーション
幽閉サテライト	三千世界
幽閉サテライト	濡れた髪に触れられた時
幽閉サテライト	千華繚乱
幽閉サテライト	カフカなる群青へ
幽閉サテライト	月に叢雲華に風
幽閉サテライト	レプリカの恋
幽閉サテライト	手のひらピアニッシモ
幽閉サテライト	小悪魔りんご
幽閉サテライト	色は匂へど 散りぬるを
岸田教団＆THE明星ロケッツ	CompactDisc
岸田教団＆THE明星ロケッツ	ANCIENT FLOWER
岸田教団＆THE明星ロケッツ	SUPERSONICAPPLERABBIT
岸田教団＆THE明星ロケッツ	きしだきょうだんのベスト！
少女フラクタル	言葉ナキ絵空事
少女フラクタル	愛しさが弱さへと
天宮みや(少女フラクタル)	孤独月
柚木梨沙(少女フラクタル)	Realidea
少女フラクタル	秘神は背中で燃えている
少女フラクタル	言葉の裏側の約束
少女フラクタル	月まで飛び跳ねて
少女フラクタル	秘密のソルベ
少女フラクタル	君の気付かない君の優しさ
少女フラクタル	トロイメライ
少女フラクタル	インヴィジブル
少女フラクタル	透明な記憶の風穴
少女フラクタル	東の空の眠らない君
少女フラクタル	輪廻知らずの愛
少女フラクタル	無邪気と言う名の正義
少女フラクタル	オブリヴィオン
少女フラクタル	果てなき風の軌跡さえ
少女フラクタル	ポーカーフェイス
少女フラクタル	言葉ナキ彷徨い
少女フラクタル	聖人の調律
少女フラクタル	悠久の月に照らされて
少女フラクタル	色は匂へど散りぬるを
少女フラクタル	彷徨いの冥
少女フラクタル	必然のカタストロフィ
Triple-R	BLACKHOLE-NIGHTMARE
宵闇市場	NIGHTMARE NIGHT
宵闇市場	NO RUMIA,NO LIFE.
宵闇市場	TWILIGHT TIME
宵闇市場	TWILIGHT TIME TRIAL
上海アリス幻樂団	幺樂団の歴史5 Akyu's Untouched Score vol.5
上海アリス幻樂団	幺樂団の歴史4 Akyu's Untouched Score vol.4
上海アリス幻樂団	幺樂団の歴史3 Akyu's Untouched Score vol.3
上海アリス幻樂団	幺樂団の歴史2 Akyu's Untouched Score vol.2
上海アリス幻樂団	幺樂団の歴史1 Akyu's Untouched Score vol.1
上海アリス幻樂団	旧約酒場 ～ Dateless Bar "Old Adam".
上海アリス幻樂団	燕石博物誌 ～ Dr.Latency's Freak Report.
上海アリス幻樂団	伊弉諾物質 ～ Neo-traditionalism of Japan.
上海アリス幻樂団	鳥船遺跡 ～ Trojan Green Asteroid
上海アリス幻樂団	未知の花　魅知の旅
上海アリス幻樂団	大空魔術 ～ Magical Astronomy
上海アリス幻樂団	卯酉東海道 ～ Retrospective 53 minutes
上海アリス幻樂団	夢違科学世紀 ～ Changeability of Strange Dream
上海アリス幻樂団	蓮台野夜行 ～ Ghostly Field Club
上海アリス幻樂団	蓬莱人形 ～ Dolls in Pseudo Paradise
ゴツまさ倶楽部	ゴツまさ倶楽部
オーライフジャパン	オーライフジャパンゲスト
オーライフジャパン	オーライフジャパンベスト
オーライフジャパン	四季音方陣
オーライフジャパン	月面弾幕会
オーライフジャパン	序臭幻想狂
オーライフジャパン	積極懐古団
オーライフジャパン	謀叛和楽陣
オーライフジャパン	激写人妖録
オーライフジャパン	壮快廟探訪
オーライフジャパン	特臭幻想狂
オーライフジャパン	歌唱能音盤
オーライフジャパン	気象無原則
オーライフジャパン	鋭鋒乃風標
オーライフジャパン	円盤満作祭
オーライフジャパン	異臭幻想狂
オーライフジャパン	望郷舞踏宴
オーライフジャパン	東方温泉祭
オーライフジャパン	東方満月響
オーライフジャパン	東方奔放戯
IOSYS	ROCKIN'ON TOUHOU VOL.7
ユウノウミ	Toho Maboroshi Stars
ユウノウミ	Toho Warfare:MASTERMIND
OTAKU-ELITE Recordings	QUEEN'S TROOPS
OTAKU-ELITE Recordings	Spade and Diamond
OTAKU-ELITE Recordings	Opium and Purple haze
OTAKU-ELITE Recordings	OTAKU-ELITE's Crystal DISCO
OTAKU-ELITE Recordings	KEINE KAMISHIRASAWA -The Chosen Place of yours-
OTAKU-ELITE Recordings	Lost in the silent ocean
OTAKU-ELITE Recordings	OER toho RWX Vol.1+2
OTAKU-ELITE Recordings	貴女が生きる、この世界
OTAKU-ELITE Recordings	戦車を駆りて、■■は
OTAKU-ELITE Recordings	旅人と、その恋人
OTAKU-ELITE Recordings	はくたく☆りぼん まじキモけーね
OTAKU-ELITE Recordings	Tsukuyomi and Amateras
OTAKU-ELITE Recordings	Ruby and Aquamarine
OTAKU-ELITE Recordings	Purple and Cherrypink
monoROSETTA	GREATEST HITS(予定) Vol.1
M-COMMUNICATIONS	東方Double Maximization
ユウノウミ	Toho Darkness:Pierce the DESTINY [Selection]
ユウノウミ	Toho Warfare:BLACK SPARK
ユウノウミ	Toho Warfare:BLACK I+II+III+EX [Selection]
ユウノウミ	Toho Warfare:BLACK BRAVE
ユウノウミ	Toho Warfare:BLACK SOUL
ユウノウミ	Toho Warfare:BLACK SWORD
ユウノウミ	Toho Warfare:BLACK ONYX
ユウノウミ	Toho Warfare:BLACK
ユウノウミ	ENCYCLOPEDIA <妖> monstrous beings
ユウノウミ	ENCYCLOPEDIA <魔> magical beings
ユウノウミ	ENCYCLOPEDIA <人> human beings
ユウノウミ	東方人妻ようちえん
ユウノウミ	俺のチルノがこんなに天才なわけがない
ユウノウミ	霧雨レクイエム
ユウノウミ	東方インデペンダンス
ユウノウミ	東方ラブストリーム
ユウノウミ	東方ヘクトパスカル
ARMのArmageddon Records	distant
ARMのArmageddon Records	infinity
IOSYS	天空キャンディ☆スター
IOSYS	アニソンをすごいオペラ声で歌ってみた+ [東方ProjectアレンジSelection]
IOSYS	ROCKIN'ON TOUHOU VOL.6
IOSYS	東方フリースタイル弾ジョン Rec7 [東方ProjectアレンジSelection]
IOSYS	東方氷雪大感謝
IOSYS	東方フリースタイル弾ジョン [東方ProjectアレンジSelection]
IOSYS	東方ゴールデンタイム ─イオシス東方コンピレーション vol.25─
IOSYS	東方極楽湯界─イオシス東方コンピレーション vol.24─
IOSYS	Spooky Halloween Tour
IOSYS	Touhou Hits Covers ―Ska Punk Flavor―
IOSYS	MIRACLE TO MUSIC TOHO
IOSYS	ROCKIN'ON TOUHOU VOL.5
IOSYS	ファンタジックぴこれーしょん！ [東方ProjectアレンジSelection]
IOSYS	DREAM TO MUSIC TOHO
IOSYS	げきリミ！ ─げきおこシリーズリミックス─
IOSYS	MAGIC TO MUSIC TOHO
IOSYS	Haunted Halloween Town
IOSYS	IOSYS TOHO MEGAMIX [GENSOKYO HOUSE EDITION] Selection
IOSYS	PUNK IT!TOUHOU!3 -IOSYS HITS PUNK COVERS-
IOSYS	ROCKIN'ON TOUHOU VOL.4
IOSYS	GENSOKYO DEMPA EXPO ─イオシス東方コンピレーション vol.23─
IOSYS	#TOHO_SEAWAVES
IOSYS	げきぴょす☆パペット
IOSYS	Night Zealot 東方JAZZROCK2
IOSYS	Across Phantasm
IOSYS	V-ROCK TOUHOU
IOSYS	叛逆のファンタスマゴリア
IOSYS	Prank Masters!
IOSYS	はいぱぁ電波これくしょん！ -フリーダム★東方編-
IOSYS	ROCKIN'ON TOUHOU VOL.3
IOSYS	げきかわ☆ヴァンピン
IOSYS	PUNK IT!TOUHOU!2 IOSYS HITS PUNK COVERS
IOSYS	Scary Halloween Show
IOSYS	RoughSketch TOHO WORKS 2007-2012 Selection
IOSYS	げきおこ☆メイガス
IOSYS	ROCKIN'ON TOUHOU VOL.2
IOSYS	PUNK IT!TOUHOU! IOSYS HITS PUNK COVERS
IOSYS	Stellar Nursery
IOSYS	ROCKIN'ON TOUHOU VOL.1
IOSYS	Nothing but the TOHO EDM selection
IOSYS	Night Gypsy - 東方JAZZROCK -
IOSYS	背徳のファンタスマゴリア
IOSYS	> TOHO EDM <
IOSYS	乙女囃子 COLORFUL GIRLS -IOSYS TOHO COMPILATION vol.22-
IOSYS	Quaky Divines
IOSYS	燃えろ！東方ブラスバンド生
IOSYS	東方紫雨天獄
IOSYS	東方アゲハ NIGHTMARE
IOSYS	Quality Underground
IOSYS	風櫻 SECOND PHANTASMA -IOSYS TOHO COMPILATION vol.21-
IOSYS	東方Eternal Fantasia
IOSYS	東方IO-BEST BEATS3
IOSYS	てっぺい先生のパーフェクトヴァイオリン教室 ～ てっぺい先生 × ARM の東方スペシャルコラボ ～
IOSYS	東方エレクトリック電波少女
IOSYS	東方テレパス少女歌集
IOSYS	東方Reflection of a Drive
IOSYS	東方プレシャス流星少女
IOSYS	東方IO BEST BEATS 2
IOSYS	リ:キャンディッド! ARM東方リミックス
IOSYS	東方 Variable Spellcaster
IOSYS	東方メレンゲ少女夜行
IOSYS	東方云符不普
IOSYS	東方アゲハ DESTINY
IOSYS	東方メリーゴーランド
IOSYS	東方IO-BEST BEATS
IOSYS	東方浮思戯革命
IOSYS	東方恋苺娘＋
IOSYS	東方うたうちれいでん
IOSYS	東方うたうチルノちゃん Selection
IOSYS	東方アゲハ
IOSYS	東方 Faithful Star
IOSYS	東方JeuXinTerdiTs
IOSYS	東方銀晶天獄
IOSYS	東方年柄年中
IOSYS	bloom
IOSYS	東方超都魔転
IOSYS	東方泡沫天獄
IOSYS	東方月燈籠セーフ！
IOSYS	東方氷雪歌集
IOSYS	東方想幽森雛
IOSYS	ごっすんリミックス ツバイン
IOSYS	ごっすんリミックス アイン
IOSYS	東方真華神祭
IOSYS	東方河想狗蒼池
IOSYS	東方萃翠酒酔
IOSYS	おさいせんとかのからおけ
IOSYS	東方永雀峰
IOSYS	ねこみことかのからおけ
IOSYS	東方乙女囃子
IOSYS	ごっすんとかのからおけ
IOSYS	東方風櫻宴
まらしぃ	幻想遊戯＜激＞
まらしぃ	幻想遊戯＜眠＞
ぬまうおハウス	Honesty
ぬまうおハウス	000
あらいぐまファクトリー	ULTIMATE
あらいぐまファクトリー	AR2【オーグメンテッド・リアリティ2】
あらいぐまファクトリー	AR【オーグメンテッド・リアリティ】
waorlarts	Orbiter
waorlarts	東方漸悟
monochrome-coat feat.めらみぽっぷ	LOCK
ナイフ	Story
ナイフ	code
AdamKadmon	サンド
ナイフ	媚薬
minimum electric design	TRAIL II
minimum electric design	TRAIL
minimum electric design	RENOVATION
minimum electric design	PARTICLE
minimum electric design	Amplified Shooting Star
minimum electric design	Two-Tone
Yonder Voice	絶景エピローグ
Yonder Voice	ヴァイス・シュヴァルツ
Yonder Voice	MARKS OF SIN
Yonder Voice	星月トラジコメディー
Yonder Voice	桜風の誓い
Yonder Voice	奏穹のラプソディア
Yonder Voice	秘封活動記録 -月- ORIGINAL SOUNDTRACK
Yonder Voice	千ノ縁
Yonder Voice	砕夢 Download Edition
Yonder Voice	蒼月の懺悔詩
Yonder Voice	決別の旅
Yonder Voice	花月夜
UNDEAD CORPORATION DOUJIN WORKS	兵
Swinf Of The Dead	TOHO JAZZY VOCAL I
UNDEAD CORPORATION DOUJIN WORKS	special tracks
UNDEAD CORPORATION DOUJIN WORKS	剛
UNDEAD CORPORATION DOUJIN WORKS	傾奇者
UNDEAD CORPORATION DOUJIN WORKS	魂
UNDEAD CORPORATION DOUJIN WORKS	漢
UNDEAD CORPORATION DOUJIN WORKS	滅多斬
UNDEAD CORPORATION DOUJIN WORKS	瞬殺
UNDEAD CORPORATION DOUJIN WORKS	神速
UNDEAD CORPORATION DOUJIN WORKS	暴君
UNDEAD CORPORATION DOUJIN WORKS	紅染の鬼が哭く
UNDEAD CORPORATION DOUJIN WORKS	私はもう死んでいる？
UNDEAD CORPORATION DOUJIN WORKS	レアトラックス
UNDEAD CORPORATION DOUJIN WORKS	鬼伽草子
UNDEAD CORPORATION DOUJIN WORKS	極鉄
UNDEAD CORPORATION DOUJIN WORKS	満月の夜に超旋律的重低爆音
UNDEAD CORPORATION DOUJIN WORKS	幻想郷から超鋼鉄重低爆音
TatshMusicCircle	FAR EAST OF EAST-XVII-
TatshMusicCircle	FAR EAST OF EAST-XVI-
TatshMusicCircle	FAR EAST OF EAST-XV-
TatshMusicCircle	FAR EAST OF EAST-XIV-
TatshMusicCircle	FAR EAST OF EAST-XIII-
TatshMusicCircle	FAR EAST OF EAST-XII-
TatshMusicCircle	FAR EAST OF EAST-XI-
TatshMusicCircle	FAR EAST OF EAST-X-
TatshMusicCircle	FAR EAST OF EAST-IX-
TatshMusicCircle	FAR EAST OF EAST-VIII-
TatshMusicCircle	FAR EAST OF EAST-VII-
TatshMusicCircle	FAR EAST OF EAST-VI-
TatshMusicCircle	FAR EAST OF EAST V -東方大清掃-
TatshMusicCircle	FAR EAST OF EAST-IV-
TatshMusicCircle	FAR EAST OF EAST-III-
TatshMusicCircle	FAR EAST OF EAST-II-
TatshMusicCircle	FAR EAST OF EAST
Sequence Club	Star maelstrom
Sequence Club	Experience -Act.3
Sequence Club	Experience -Act.2
Sequence Club	Experience
SOUND HOLIC	幻想★あ･ら･もーど IV
SOUND HOLIC	幻想★あ･ら･もーど III
SOUND HOLIC	幻想★あ･ら･もーど II
SOUND HOLIC	幻想★あ･ら･もーど
SWING HOLIC (from SOUND HOLIC)	COOL JAZZ TOHO II
SWING HOLIC (from SOUND HOLIC)	COOL JAZZ TOHO
SWING HOLIC (from SOUND HOLIC)	東方ぴあのとりお
SWING HOLIC (from SOUND HOLIC)	VOL.16
SWING HOLIC (from SOUND HOLIC)	VOL.15
SWING HOLIC (from SOUND HOLIC)	VOL.14
SWING HOLIC (from SOUND HOLIC)	VOL.13
SWING HOLIC (from SOUND HOLIC)	VOL.12
SWING HOLIC (from SOUND HOLIC)	VOL.11
SWING HOLIC (from SOUND HOLIC)	VOL.10
SWING HOLIC (from SOUND HOLIC)	VOL.09
SWING HOLIC (from SOUND HOLIC)	VOL.08
SWING HOLIC (from SOUND HOLIC)	VOL.07
SWING HOLIC (from SOUND HOLIC)	VOL.06
SWING HOLIC (from SOUND HOLIC)	VOL.05
SWING HOLIC (from SOUND HOLIC)	VOL.04
SWING HOLIC (from SOUND HOLIC)	VOL.03
SWING HOLIC (from SOUND HOLIC)	VOL.02
SWING HOLIC (from SOUND HOLIC)	VOL.01
SOUND HOLIC feat. 709sec.	REVIVAL BEST EX
SOUND HOLIC feat. 709sec.	Unreal Invader
SOUND HOLIC feat. 709sec.	REVIVAL BEST III
SOUND HOLIC feat. 709sec.	Chaos Bringer
SOUND HOLIC feat. 709sec.	Mind Reverser
SOUND HOLIC feat. 709sec.	REVIVAL BEST II
SOUND HOLIC feat. 709sec.	Secret Hunter
SOUND HOLIC feat. 709sec.	Space Jumper
SOUND HOLIC feat. 709sec.	Desire Driver
SOUND HOLIC feat. 709sec.	REVIVAL BEST I
SOUND HOLIC feat. 709sec.	Dark Sleeper
SOUND HOLIC feat. 709sec.	Frozen Freezer
SOUND HOLIC feat. 709sec.	Double Spoiler
SOUND HOLIC feat. 709sec.	Star Traveler
SOUND HOLIC feat. 709sec.	Moon Crusher
SOUND HOLIC feat. 709sec.	Energy Breaker
SOUND HOLIC feat. 709sec.	Flower Buster
SOUND HOLIC feat. 709sec.	Scarlet Shooter
SOUND HOLIC feat. 709sec.	Endless Seeker
SOUND HOLIC feat. 709sec.	Phantom Dreamer
SOUND HOLIC feat. 709sec.	Wind Gazer
Fragile Online	絶対弾幕革命前夜1-2-3
Fragile Online	星蓮船バンド
Login Records	Sacred Beatz
Login Records	Vague Insanity
Login Records	Sakura Resurrection
Login Records	Attractive Reverie
Login Records	Eternal Star
Login Records	Mysterious Words
Login Records	We Are Gensou Bangers Vol.1 (Digital Edition)
LOVEマシーン	Rainyllusion
LOVEマシーン	Beadyllusion
LOVEマシーン	DIGNITILLUSION
INTX Rec.	Super Stronger Icicle Dance
はちみつれもん	花天月地
はちみつれもん	風雅繚乱
はちみつれもん	Light Night Beat Best Collection
はちみつれもん	Light Night Beat 8
はちみつれもん	Light Night Beat 7
はちみつれもん	Light Night Beat 6
はちみつれもん	Light Night Beat 5
はちみつれもん	Light Night Beat 4
はちみつれもん	Light Night Beat DX
はちみつれもん	Light Night Beat 3
はちみつれもん	Light Night Beat 2
はちみつれもん	Light Night Beat
Hachimitsu-Lemon × Aftergrow	Touhou Six String Best Collection
Hachimitsu-Lemon × Aftergrow	Touhou Six String 05.想
Hachimitsu-Lemon × Aftergrow	Touhou Six String 04.儚
Hachimitsu-Lemon × Aftergrow	Touhou Six String 03.結
Hachimitsu-Lemon × Aftergrow	Touhou Six String 02.封
Hachimitsu-Lemon × Aftergrow	Touhou Six String 01.秘
EastNewSound	Cleave Spark the Instrumental
EastNewSound	Valiant Blade the Instrumental
EastNewSound	Cleave Spark
EastNewSound	Mystic Gate the Instrumental
DiGiTAL WiNG	EPISODE  - BEST Selection for Dmonino Amayadori -
DiGiTAL WiNG	TOHO DANCE ANTHEM Vol.2
DiGiTAL WiNG	デジウィ SUNLiGHT
DiGiTAL WiNG	デジフラ CARNIVAL
DiGiTAL WiNG	TOHO DANCE ANTHEM Vol.1
DiGiTAL WiNG	RAVER’S NEST 9 TOHO RAVE PARTY
DiGiTAL WiNG	デジウィ BEST 2018
DiGiTAL WiNG	HIGH SPEED BEST OF RAVER'S NEST Vol.1
DiGiTAL WiNG	デジウィ NEXT
DiGiTAL WiNG	Flapping note - Halo My Name Is Sorane -
DiGiTAL WiNG	RAVER’S NEST 8 TOHO RAVE PARTY
DiGiTAL WiNG	デジウィ GENERATiON
DiGiTAL WiNG	RAVER_S NEST BEST 2017 TOHO HYPER RAVE
DiGiTAL WiNG	デジウィ PARTY
DiGiTAL WiNG	DiGiTAL FLOWER BEST
DiGiTAL WiNG	デジウィ DELiGHT
DiGiTAL WiNG	RAVER’S NEST 7 TOHO RAVE PARTY
DiGiTAL WiNG	デジウィ BEST 2016
DiGiTAL WiNG	RAVER’S NEST 6 TOHO RAVE PARTY
DiGiTAL WiNG	デジウィ SHiNiNG
DiGiTAL WiNG	Taste me up!
DiGiTAL WiNG	デジウィ CONTEND
DiGiTAL WiNG	RAVER’S NEST 5 TOHO RAVE PARTY
DiGiTAL WiNG	デジウィ MiRACLE
DiGiTAL WiNG	ENDLESS Of Paranoia
DiGiTAL WiNG	RAVER’S NEST 4 TOHO RAVE PARTY
DiGiTAL WiNG	デジウィ IMPACT
DiGiTAL WiNG	デジウィ BEST 2015
DiGiTAL WiNG	RAVER_S NEST BEST 2014 TOHO HYPER RAVE
DiGiTAL WiNG	デジウィ FUTURE
DiGiTAL WiNG	RAVER’S NEST 3 TOHO RAVE PARTY
DiGiTAL WiNG	デジウィ DREAM
DiGiTAL WiNG	デジウィ LEGEND
DiGiTAL WiNG	RAVER’S NEST 2 TOHO RAVE PARTY
DiGiTAL WiNG	デジハロ PRIDE
DiGiTAL WiNG	RAVER’S NEST 1 TOHO RAVE PARTY
DiGiTAL WiNG	デジハロ NEXUS
DiGiTAL WiNG	BEST OF WiNG
DiGiTAL WiNG	JULIANA’S TOHO Vol.2
DiGiTAL WiNG	Frozen Traveler
DiGiTAL WiNG	JULIANA'S TOHO Vol.1
DiGiTAL WiNG	Eternal Fantasia
DiGiTAL WiNG	Angel Time
DiGiTAL WiNG	DiGiTAL WiNG
うさ	うさ東方ベスト　東方兎々歌抄
CrazyBeats	THE BEST OF 頭文字T SHOCKING BEST
花たん	花たん東方ベスト　CrazyFlowerBEST
加藤ありさ	加藤ありさ東方ベスト　東方魔猫娘伝
黒崎れおん	大好きリトルアキバ
黒崎れおん	絶対ニーハイ宣言！
黒崎れおん	テッペンアキハバラ
CrazyBeats	TOHO EURO NIGHT THREE
CrazyBeats	TOHO EURO NIGHT TWO
CrazyBeats	TOHO EURO NIGHT ONE
黒崎れおん	黒崎れおん東方ベスト　東方紅女物語
CrazyBeats	頭文字T T-SELECTION Vol.08
CrazyBeats	頭文字T T-SELECTION Vol.07
CrazyBeats	頭文字T T-SELECTION Vol.06
CrazyBeats	頭文字T T-SELECTION Vol.05
CrazyBeats	頭文字T T-SELECTION Vol.04
CrazyBeats	頭文字T T-SELECTION Vol.03
CrazyBeats	頭文字T T-SELECTION Vol.02
CrazyBeats	頭文字T T-SELECTION Vol.01
CielArc	CielArc Acoustic Collection Vol.1
CielArc	幻想のプラニスフィア
CielArc	Majestic GIG
CielArc	残響のタクティクス
CielArc	Unlimited
CielArc	Everlasting
COOL&CREATE	東方ギタージュク・妖
COOL&CREATE	東方ギタージュク・地
COOL&CREATE	Help me, ERINNNNNN!! LOVE( ﾟ∀ﾟ)o彡゜
COOL&CREATE	ビートまりおとARMと東方と！[配信版]
COOL&CREATE	トウホウラブ[配信版]
COOL&CREATE	幻想ピープル
COOL&CREATE	drizzly again
COOL&CREATE / ジュクチョー	東方ギタージュク・紅
COOL&CREATE / ジュクチョー	東方ギタージュク・天
COOL&CREATE / ジュクチョー	東方ギタージュク・風
COOL&CREATE / 狐夢想屋	幻想アポロ21号
COOL&CREATE / チョー314	紺珠伝説SPECIAL
COOL&CREATE	オールナイト・オブ・ナイツ
COOL&CREATE	アゲアゲスパーク！
COOL&CREATE	東方インストバッカー
COOL&CREATE	レータイレータイ参
COOL&CREATE	くーくり博麗フェスティバル
COOL&CREATE	レータイレータイ弐
COOL&CREATE	レータイレータイ
COOL&CREATE	東方インストライク
COOL&CREATE	とうほう☆あまねりお＋ぷらす
C-CLAYS & K2 SOUND	虚亜
C-CLAYS & K2 SOUND	LUNA
C-CLAYS	SOLE
C-CLAYS	YES！
Bullet IX	TOUHOU GUITAR ARRANGE EDITION Vol.1
Bullet IX	Revival Phase
Blackscreen/t0m0h1r0	Hungry Monsterz
Blackscreen/t0m0h1r0/beth_tear/矢追春樹	Parallels
As/Hi Soundworks	千紫万紅
As/Hi Soundworks	新 ピアノのための東方小品集 第1集
As/Hi Soundworks	諏訪大戦/Deep One
As/Hi Soundworks	輝針城の主題による2つのピアノソナタ Op.5
As/Hi Soundworks / 第九分岐点	ピアノのための東方小品集 Op.4
As/Hi Soundworks	ピアノのための東方小品集 Op.3
As/Hi Soundworks	聖蘇星煌
As/Hi Soundworks	ピアノのための東方小品集 Op.2
As/Hi Soundworks	ピアノのための東方小品集 Op.1
Amateras Records	Farewell Flower
Amateras Records	Grateful Days the instrumental
Amateras Records	Grateful Days
Amateras Records	Revolutionized Floor -Amateras Records Remixes Vol.5-
Amateras Records	Addicted Moon the instrumental
Amateras Records	Addicted Moon
Amateras Records	My Dearest the instrumental
Amateras Records	My Dearest
築山さえ/Amateras Records	FANTASISTA DOLL / Sae Tsukiyama
Amateras Records	Sweetest Paranoia the instrumental
Amateras Records	Sweetest Paranoia
Amateras Records	Amateras Records Best Vol.3
Amateras Records	Brilliant Story the instrumental
Amateras Records	Brilliant Story
Amateras Records	Endless Acceleration -Amateras Records Remixes Vol.4-
Amateras Records	Sparkling Alteration the instrumental
Amateras Records	Sparkling Alteration
Amateras Records	Everlasting Conviction the instrumental
Amateras Records	Everlasting Conviction
Amateras Records	Trip to Fairyland the instrumental
Amateras Records	Trip to Fairyland
Amateras Records	Cleave Ambivalence the instrumental
Amateras Records	Cleave Ambivalence
Amateras Records	Amateras Records Best Vol.2
Amateras Records	Unrequited Hearts the instrumental
Amateras Records	Unrequited Hearts
Amateras Records	Reactionary Wave -Amateras Records Remixes Vol.3-
Amateras Records	Crevice of Darkness the instrumental
Amateras Records	Crevice of Darkness
Amateras Records	Blooming Daydream the instrumental
Amateras Records	Blooming Daydream
Amateras Records	Infinity Asterisk the instrumental
Amateras Records	Infinity Asterisk
Amateras Records	Radical Destruction the instrumental
Amateras Records	Radical Destruction
Amateras Records	Re:Expansion -Amateras Records Remixes Vol.2-
Amateras Records	Amateras Records Best Vol.1
Amateras Records	Emotionally Resonance the instrumental
Amateras Records	Emotionally Resonance
Amateras Records	Unlogical Trick the instrumental
Amateras Records	Unlogical Trick
Amateras Records	Re:Imagination -Amateras Records Remixes Vol.1-
Amateras Records	Dilemmatic Sorcery the instrumental
Amateras Records	Dilemmatic Sorcery
Amateras Records	Helius Aggregation the instrumental
Amateras Records	Helius Aggregation
Amateras Records	Catastrophe Eve
Amateras Records	Little Prayer
Amateras Records	Artifact
KUMI/ヲタみん	KUMI the BEST -Wotamin's Toho Arrange Selection-
Alstroemeria Records	POP|CULTURE 4
Alstroemeria Records	CLOSE TOGETHER
Alstroemeria Records	POP|CULTURE 5
Alstroemeria Records	ULTRA DANCEHALL
Alstroemeria Records	ENGAGED DANCEHALL
Alstroemeria Records	SOL ET LUNA
Alstroemeria Records	LOUD SPEAKER
Alstroemeria Records	IGNITION DANCEHALL
Alstroemeria Records	Lumière Ambrée:
Alstroemeria Records	10th ANNIVERSARY Bad Apple!! feat.nomico
Alstroemeria Records	STRUCTURE DANCEHALL
Alstroemeria Records	Nachtansicht
Alstroemeria Records	POP|CULTURE 6
Alstroemeria Records	10th ANNIVERSARY Bad Apple!! feat.nomico PHASE2
Alstroemeria Records	μοναξιά
Alstroemeria Records	CLOCK LOCK THINK
Alstroemeria Records	POP|CULTURE 7
Alstroemeria Records	POP|CULTURE 8
Alstroemeria Records	POP|CULTURE 9
Alstroemeria Records	BLACKLOTUS
Alstroemeria Records	10th Anniversary Bad Apple!! feat.nomico PHASE3
AbsoЯute Zero	Rute66 ～Six Rocks～
AbsoЯute Zero	Trident World
AbsoЯute Zero	誤路逢わせ
AbsoЯute Zero	Judeccaの騎士-ﾅｲﾄ-
AbsoЯute Zero	天限踏破
AbsoЯute Zero	究極
A-One	EUROBEAT ATTACK!! 02
A-One	TOHO EUROBEAT VOL.20
A-One	MONTAGE Green A-One Best Collection feat. 越田Rute隆人＆あき
A-One	TOHO EUROBEAT VOL.19
A-One	Scream out! ～Tribute Party～
A-One	TOHO EUROBEAT VOL.18
A-One	MONTAGE Yellow A-One Best Collection feat. あき
A-One	TOHO EUROBEAT VOL.17
A-One	MONTAGE Blue A-One Best Collection feat. 越田Rute隆人
A-One	TOHO EUROBEAT VOL.16
A-One	TOHO EUROBEAT VOL.15
A-One	EUROBEAT ATTACK!! 01
A-One	TOHO EUROBEAT VOL.14
A-One	TOHO EUROBEAT 封
A-One	TOHO EUROBEAT 秘
A-One	THE BEST OF TOHO EUROBEAT 2014-2015 -NON-STOP MEGA MIX by DJ BOSS-
A-One	TOHO EUROBEAT VOL.13
A-One	TOHO EUROBEAT VOL.12
A-One	TOHO EUROBEAT VOL.11
A-One	Practical Theory
A-One	TOHO EUROBEAT EX 〜THE LEGENDARY BOUTS〜
A-One	TOHO EUROBEAT VOL.10
A-One	REVERSE IDEOLOGIE
A-One	TOHO EUROBEAT VOL.9
A-One	THE BEST OF NON-STOP TOHO EUROBEAT 2012〜2013
A-One	TOHO EUROBEAT VOL.8
A-One	TOHO EUROBEAT presents THE REVIVAL MIX
A-One	TOHO EUROBEAT VOL.7
A-One	TOHO EUROBEAT VOL.6
A-One	TOHO EUROBEAT VOL.5
A-One	THE BEST OF NON-STOP TOHO EUROBEAT 2011
A-One	TOHO EUROBEAT VOL.4
A-One	TOHO EUROBEAT VOL.3
A-One	TOHO EUROBEAT VOL.2
A-One	TOHO EUROBEAT VOL.1
